-- MySQL dump 10.13  Distrib 8.0.25, for Linux (x86_64)
--
-- Host: localhost    Database: rgb_team_wild
-- ------------------------------------------------------
-- Server version	8.0.27-0ubuntu0.20.04.1

/*!40101 SET @OLD_CHARACTER_SET_CLIENT=@@CHARACTER_SET_CLIENT */;
/*!40101 SET @OLD_CHARACTER_SET_RESULTS=@@CHARACTER_SET_RESULTS */;
/*!40101 SET @OLD_COLLATION_CONNECTION=@@COLLATION_CONNECTION */;
/*!50503 SET NAMES utf8 */;
/*!40103 SET @OLD_TIME_ZONE=@@TIME_ZONE */;
/*!40103 SET TIME_ZONE='+00:00' */;
/*!40014 SET @OLD_UNIQUE_CHECKS=@@UNIQUE_CHECKS, UNIQUE_CHECKS=0 */;
/*!40014 SET @OLD_FOREIGN_KEY_CHECKS=@@FOREIGN_KEY_CHECKS, FOREIGN_KEY_CHECKS=0 */;
/*!40101 SET @OLD_SQL_MODE=@@SQL_MODE, SQL_MODE='NO_AUTO_VALUE_ON_ZERO' */;
/*!40111 SET @OLD_SQL_NOTES=@@SQL_NOTES, SQL_NOTES=0 */;

--
-- Table structure for table `comment`
--

DROP TABLE IF EXISTS `comment`;
/*!40101 SET @saved_cs_client     = @@character_set_client */;
/*!50503 SET character_set_client = utf8mb4 */;
CREATE TABLE `comment` (
  `id` int NOT NULL AUTO_INCREMENT,
  `content` longtext NOT NULL,
  `date_submitted` date NOT NULL,
  `game_id` int NOT NULL,
  `user_id` int NOT NULL,
  PRIMARY KEY (`id`,`game_id`,`user_id`),
  KEY `fk_comment_game1_idx` (`game_id`),
  KEY `fk_comment_user1_idx` (`user_id`),
  CONSTRAINT `fk_comment_game1` FOREIGN KEY (`game_id`) REFERENCES `game` (`id`),
  CONSTRAINT `fk_comment_user1` FOREIGN KEY (`user_id`) REFERENCES `user` (`id`)
) ENGINE=InnoDB AUTO_INCREMENT=68 DEFAULT CHARSET=utf8mb4 COLLATE=utf8mb4_general_ci;
/*!40101 SET character_set_client = @saved_cs_client */;

--
-- Dumping data for table `comment`
--

LOCK TABLES `comment` WRITE;
/*!40000 ALTER TABLE `comment` DISABLE KEYS */;
INSERT INTO `comment` VALUES (43,'Gareth Coker, talentueux compositeur \r\ndes deux opus de \"Ori\", annonce être \r\nle compositeur de Halo Infinite avec \r\nCurtis Schweitzer. Pour la bande-\r\noriginale, on peut s\'attendre à du \r\ntrès très lourd ! ','2021-11-18',1,35),(44,'Tres bon jeu graphiquement \r\nsuperbe le Ray tracing est très \r\nbien gérer le dlss fonctionne \r\nbien, tourne a fond avec \r\nRaytracing maximum et dlss sur \r\nqualité avec une 3070 RTX en \r\n1440p au environ de 60 fps avec \r\nquelque drop dans des zone \r\ncharger.\r\n\r\nLe gameplay est dynamique et \r\nnerveux\r\n\r\nJuste quelque bug pas gênant ou \r\nflagrant Mais la durer de vie est \r\nbeaucoup trop courte 2h10 pour le \r\nfinir en difficulté Difficile et \r\nje suis déjà milieu du jeu en \r\nHARDCORE ','2021-11-18',2,35),(45,'Ce jeu mérite clairement son \r\nprix. Les points positifs :\r\n\r\n- Graphismes réalistes qui \r\ndonnent un tableau très \"walking \r\ndead\".\r\n- La durée de vie me semble \r\nintéressante. J\'en suis à presque \r\n4 heures de jeu et je suis encore \r\nloin d\'arriver au bout.\r\n- Le feeling avec les armes est \r\nvraiment bon, je n\'ai rien à \r\nredire sur le gameplay en \r\ngénéral. Les déplacements sont \r\nfluides. Le placement de la \r\ncaméra est cohérent, je n\'ai \r\njamais ressenti de gêne.\r\n- Les zombies sont stylés et \r\nvariés, leur pouvoir de détection \r\nest bien configuré à mon avis. \r\nIls détectent les bruits \r\ncorrectement. Ils ne se déplacent \r\npas forcément en ligne droite ce \r\nqui donne du dynamisme aux \r\ncombats. L\'IA en général est \r\nsympa, rien ne m\'a choqué.\r\n- Une difficulté bien dosée (on \r\nne peut pas choisir). On est \r\nobligé de gérer son inventaire \r\nqui est restreint. L\'infection ne \r\nse propage pas trop vite, ce qui \r\nfait qu\'on peut aller loin avec \r\nle même personnage mais ça me \r\nsemble impossible d\'avoir le même \r\njusqu\'au bout. La gestion des \r\nmunitions est minutieuse si on \r\nveut s\'en sortir, la pression est \r\ndonc constante. On ressent le \r\ncôté survie en bref.\r\n- Le principe des survivants, qui \r\nfait qu\'on en incarne un autre \r\nquand on meurt tout en conservant \r\nles compétences acquises. Les \r\npoints de ravitaillement servent \r\nà la relève, ce qui donne un vrai \r\nsentiment de continuité et \r\nd\'entreprise collective dans \r\nl\'aventure.\r\n\r\nPoints négatifs :\r\n\r\n- parfois quelques \r\nralentissements avec un pc \r\npourtant puissant.\r\n- Quelques rares moments où les \r\ntoits des bâtiments ne sont pas \r\ndevenus invisibles au moment où \r\nje suis passé dedans, donc je \r\nn\'ai pas vu le danger et j\'ai \r\nfailli y passer.\r\n- des objets impossibles à \r\nramasser quand ils sont en \r\nhauteur (ça arrive peu souvent)\r\n- il arrive que j\'achète des \r\nobjets au marchand mais qu\'ils \r\nn\'apparaissent pas dans \r\nl\'armurerie\r\n- quelques bugs divers, par \r\nexemple des zombies qui spawn \r\ndans le ciel, un muret impossible \r\nà escalader, etc (tout ça reste \r\nassez rare quand même).\r\n- J\'ai eu une poignée de bugs de \r\nson où je n\'entendais pas mes \r\npas.\r\n- Il faut aimer mourir très \r\nsouvent, c\'est assez punitif. Une \r\npetite erreur et on recommence \r\ndepuis le début. Personnellement \r\nj\'aime bien, ça donne un vrai \r\nchallenge et une légère pression, \r\nsurtout quand on est arrivé loin. \r\nDe toute façon au début on meurt \r\nforcément en boucle, vu que nos \r\ncompétences essentielles ne sont \r\npas encore élevées.\r\n\r\nBref que des soucis qui seront \r\npatchés.\r\n\r\nJe recommande car ça se sent \r\nqu\'il y a une volonté de bien \r\nfaire et du boulot derrière. Je \r\npense que je vais facilement y \r\npasser une vingtaine d\'heures. ','2021-11-18',6,35),(46,'Pour essayer d\'être objectif je \r\ntrouve que la campagne est \r\ndécevante voir très décevante, (à \r\npeine 4h de jeu que je me rend \r\ncompte que c\'est le générique de \r\nfin) certaines missions n\'ont \r\nmême pas 30 min de durée de vie, \r\nil suffit de faire quelques \r\ntâches basique et on change \r\ndirectement de site sans avoir pu \r\nfaire des recherches ni améliorer \r\nquoi que ce soit sur son parc.\r\nCependant, le mode défi relève \r\nbien la note du jeu, (j\'y avais \r\nun peu touché sur la première \r\nédition mais sans plus), le fait \r\nd\'avoir des vrais contraintes \r\nrelève vraiment la difficulté et \r\non se sent vraiment dans un jeu \r\nde gestion contrairement à \r\nl\'histoire de la première édition \r\nou les centaines de millions de \r\ndollars s\'accumulent sans aucune \r\ndifficulté.\r\nEn terme de graphique je ne \r\nconstate pas de réelle \r\namélioration à proprement \r\nparler.. certes les nouveaux \r\ndinosaures volants et aquatiques \r\naugmentent la diversité mais \r\nniveau contenu je trouve que \r\ncette édition ressemble plus à un \r\n\"gros DLC\" qu\'une nouvelle \r\nédition avec son propre contenue.\r\nJe maintiens quand même un avis \r\npositif pour l\'évaluation. ','2021-11-18',8,35),(47,'SUPERBE JEU! Honnêtement le jeu \r\nn\'est pas difficile, il suffit de \r\ntryhard un peu et ça passe. :)\r\n\r\nPS: Le ALT + F4 fonctionne sur le \r\njeu! =D ','2021-11-18',9,35),(48,'Plus ambitieux que Yonder.\r\nIls signe un bon jeu dépaysant et \r\npas frustrant tout les niveaux \r\nson bien pensé.\r\nC\'est beau et adorable rien de \r\nchronophage : juste du plaisir \r\nconstant.\r\nLa gestion du village est simple \r\net efficace.\r\nAucun bug bloquant et bonne \r\nfinition.\r\n\r\nSi vous avez des questions \r\nhésiter pas. ','2021-11-18',16,35),(49,'C\'est un jeu très beau qui \r\npropose une multitude de \r\nvéhicules, d\'épreuves et \r\nd\'interactions sociales. Le seul \r\npoint négatif serait l\'absence \r\nd\'évolution, on est lâché et dès \r\nle début on peut se mettre à \r\navoir des supercars sans soucis. ','2021-11-18',13,35),(50,'n est vraiment loin d\'un Left 4 \r\nDead 3.\r\n\r\nà mon gout il n\'y a pas \r\nsuffisamment de horde de zombie \r\nmais trop de monstres spéciaux. \r\nça manque d\'équilibre.\r\n\r\nLe système d\'arme reste un peu \r\nbrouillon (mettre une lunette de \r\nsniper sur un fusil à pompe WTF)\r\nPour ce qui est des cartes le \r\nmode directeur c\'est plutôt bien \r\nréussi de même pour les cartes \r\ndes survivants.\r\n\r\nJe ne suis pas sûr de jouer \r\nautant d\'heure que L4D..\r\nj\'attends de voir les mises à \r\njours qui seront à venir ','2021-11-18',11,35),(51,'Je joue sur Linux. Version Linux \r\n: excellente.\r\n\r\nLe jeu\r\n\r\nAu travers de différents \r\ndéménagements, grâce à ses \r\nobjets, on suit la vie de \r\nquelqu\'un pendant plusieurs \r\nannées.\r\n\r\nLe gameplay est simple, on clique \r\nsur un carton pour en sortir un \r\nobjet, et on le pose où on veut \r\ndans la maison. Bon, évidemment, \r\nquand tous les cartons sont \r\ndéballés, si vous avez placé le \r\nmicro-onde dans la chambre et \r\nlaisser traîner des chaussettes \r\ndans le salon, le jeu ne vous \r\npermet pas de continuer au niveau \r\nsuivant.\r\n\r\nLe jeu est entièrement en pixel \r\nart, ma foi très convaincant. On \r\npeut placer les objets dans des \r\nd\'autres, ou bien dans les \r\nplacards, les tourner sur eux-\r\nmême, ... aucun problème le jeu \r\nle gère. Il y a de petits trucs \r\namusants avec quelques objets,\r\nc\'est vraiment bien fait. La \r\nmusique est tantôt entraînante, \r\ntantôt nostalgique, toujours \r\nadaptée à la situation. Par \r\ncontre, parfois elle se coupe, je \r\nn\'ai pas vraiment bien compris \r\nles conditions pour ça.\r\n\r\nSi le jeu peut sembler un peu \r\ncourt (environ 5h en prenant le \r\ntemps), je pense que c\'est la \r\nbonne durée au vu du gameplay \r\ntrès basique et de l\'histoire qui \r\nest racontée :).\r\n\r\nRejouabilité, achievements\r\n\r\nSi vous aurez probablement une \r\nmajorité d\'achievements juste en \r\nterminant le jeu normalement, \r\npuis en regardant les noms et les \r\nformes des stickers, quelques uns \r\nsont un peu plus tricky, il n\'est \r\npas toujours évident de deviner \r\nquoi faire. Il est possible de \r\nrevenir dans les niveaux quand on \r\nveut pour les faire cela dit, pas \r\nbesoin de relancer une partie.\r\n\r\nEn bref\r\n\r\nTrès bon story telling avec un \r\ngameplay plutôt inhabituel. J\'ai \r\napprécié.\r\n\r\nGNU/Linux\r\n\r\nAucun problème rencontré, le jeu \r\ntourne au poil.\r\n\r\nOS: Linux Mint 20.2 x64, MATE \r\nedition.\r\nHardware : 5950x, Nvidia 3080Ti, \r\n64GB ram.\r\nScreens : Dualscreen, 1x 4K & 1x \r\n1920x1200, un seul screen X.','2021-11-18',20,35),(52,' Le plaisir de suivre un inconnu, \r\nmalgré les recommandations de \r\nmaman.\r\n\r\nEdit : Un avis une fois le jeu \r\nterminé, quand même. C\'est un \r\nvéritable OVNI, chef d\'oeuvre en \r\ntout point pour moi, cela \r\ndépendra évidemment de la \r\nsensibilité de chacun. Il y a \r\nvéritablement plusieurs jeux dans \r\nun jeu, tous aussi malins les uns \r\nque les autres, difficile d\'en \r\ndire plus sans malheureusement \r\nspoiler. J\'aurais presque envie \r\nd\'aller parler à ceux qui ont mis \r\ndes avis négatifs avec 2h de jeu, \r\npour leur raconter ce qu\'ils ont \r\nmanqué.\r\n  ','2021-11-18',22,35),(53,' Le plaisir de suivre un inconnu, \r\nmalgré les recommandations de \r\nmaman.\r\n\r\nEdit : Un avis une fois le jeu \r\nterminé, quand même. C\'est un \r\nvéritable OVNI, chef d\'oeuvre en \r\ntout point pour moi, cela \r\ndépendra évidemment de la \r\nsensibilité de chacun. Il y a \r\nvéritablement plusieurs jeux dans \r\nun jeu, tous aussi malins les uns \r\nque les autres, difficile d\'en \r\ndire plus sans malheureusement \r\nspoiler. J\'aurais presque envie \r\nd\'aller parler à ceux qui ont mis \r\ndes avis négatifs avec 2h de jeu, \r\npour leur raconter ce qu\'ils ont \r\nmanqué.\r\n  ','2021-11-18',1,36),(54,' Vraiment génial,j\'ai \r\nl\'impression d\'être sur Titanfall \r\net Shadow warrior en même \r\ntemps.Graphiquement très \r\njolie.Gameplay fluide sans \r\nsouci...\r\n\r\nEn tout cas FYQD-Studio,pour leur \r\n1er jeu,je dis respect et merci \r\nencore pour le jeu gratuit','2021-11-18',2,36),(55,'La bande son est excquise, le \r\ngameplay savoureux, les graphismes \r\ncroquignolesque.\r\nPoint bonus pour les poulets ','2021-11-18',9,36),(56,'Très bon jeu , j\'adore les forza \r\nhorizon alors c\'était pas très \r\ndur de me faire aimer le 5 ième \r\nopus. Il ressemble au 4 , mais \r\ndans un autre pays ( nouveaux \r\nenvironnements ) et de nouvelles \r\nvoitures. Si vous avez aimé le 4 \r\n, je ne vois pas pourquoi vous \r\nn\'aimerez pas le 5.','2021-11-18',13,36),(57,'Très sympa! petit jeu zombie de \r\nscavenge très agréable ','2021-11-18',6,36),(58,'enfin ! :) les graphismes sont aux \r\nrendez vous , nous retrouvons le \r\nschéma du premier avec pleins de \r\nnouveautés .\r\nje recommande :) ','2021-11-18',8,36),(59,'Enfin terminé, me voilà apte à \r\nposer un avis sur ce jeu qui m\'a \r\nconquise.\r\n\r\nAvant tout ne vous fiez pas au \r\ntemps de jeu, j\'y ai surtout joué \r\nhors ligne, il m\'a fallut une \r\nquinzaine d\'heure pour le \r\nterminer et pas à 100%.\r\n\r\nQue dire, que dire...\r\nOn commence une partie de carte \r\nqui se veut banal mais on est si \r\nloin du compte, ce n\'est que la \r\npartie visible d\'un iceberg qui \r\nest bien plus complexe et \r\ncolossal qu\'il ne le laisse \r\nparaître.\r\n\r\nUn jeu incroyablement construit \r\navec une envie de faire vivre une \r\nexpérience unique au joueur.\r\nC\'est à mon sens LE jeu que l\'on \r\ndoit faire en 2021 si on aime les \r\njeux de cartes.\r\n\r\nN\'hesitez vraiment plus.\r\n\r\nJ\'ai un avant Inscryption et un \r\naprès Inscryption.\r\n\r\nEdit : C\'est un des rares jeux où \r\nj\'ai voulu le 100% succès. ','2021-11-18',22,37),(60,'Génialissime','2021-11-18',40,37),(61,'Trés bon , vraiment bien optimisé \r\nc\'est super fluide et beaucoup de \r\nchoses a débloquer , ça donne envie \r\nde continuer je recommande . ','2021-11-18',11,38),(62,'Un plaisir de se défouler avec cette \r\nlicence FPS indétronable... un grand \r\nclassique','2021-11-18',42,38),(63,'Commeles précédentes versions de la \r\nfranchise, un régale. Une vraie \r\nréférence dans le FPS multijoueur.\r\n','2021-11-18',48,38),(64,'Un must have, pour se détendre entre 2 validations de PR','2021-11-19',13,40),(66,'c\'est top ce jeu','2021-11-19',13,11),(67,'ce jeu est trop cool\r\n','2021-11-19',13,43);
/*!40000 ALTER TABLE `comment` ENABLE KEYS */;
UNLOCK TABLES;

--
-- Table structure for table `game`
--

DROP TABLE IF EXISTS `game`;
/*!40101 SET @saved_cs_client     = @@character_set_client */;
/*!50503 SET character_set_client = utf8mb4 */;
CREATE TABLE `game` (
  `id` int NOT NULL AUTO_INCREMENT,
  `name` varchar(255) DEFAULT 'null',
  `date_release` date DEFAULT NULL,
  `description` longtext,
  `picture` varchar(255) DEFAULT 'null',
  PRIMARY KEY (`id`)
) ENGINE=InnoDB AUTO_INCREMENT=70 DEFAULT CHARSET=utf8mb4 COLLATE=utf8mb4_general_ci;
/*!40101 SET character_set_client = @saved_cs_client */;

--
-- Dumping data for table `game`
--

LOCK TABLES `game` WRITE;
/*!40000 ALTER TABLE `game` DISABLE KEYS */;
INSERT INTO `game` VALUES (1,'Halo Infinite','2021-11-15','Tandis que l\'espoir meurt et que le sort de l\'humanité est en jeu, le Major s\'apprête à affronter son plus redoutable ennemi à ce jour. La légendaire saga Halo revient avec une histoire centrée sur le Major d\'une profondeur inégalée. Bêta multijoueur de halo infinite disponible maintenant ! ','haloInfinite.jpg'),(2,'Bright Memory: Infinite','2021-11-12','Bright Memory: Infinite est un tout nouveau jeu fulgurant mélangeant FPS et action créé par FQYD-Studio. Combinez une grande variété de techniques et de capacités pour réaliser de superbes combos d\'attaque à la vitesse de la lumière ! ','bright memory.jpg'),(3,'Hextech Mayhem: A League of Legends Story','2021-11-16','Dans ce runner musical au rythme effréné, toutes vos actions ont des conséquences explosives car trop de chaos ne tue jamais le chaos. Contrôlez Ziggs, le spécialiste des Hexplosifs, et mettez les quartiers de Piltover sens dessus dessous ! ','hextechMayhem.jpg'),(5,'DYSMANTLE','2021-11-16','Émergez de votre abri. Détruisez tout ce qui vous tombe sous la main. Échappez à cette ile maudite. Explorez, luttez, progressez, survivez, récupérez, fabriquez, récoltez, chassez, construisez, cultivez, réfléchissez, pechez, cuisinez. En un mot : vivez ! À vous les joies et les déboires de ce monde ','dysmantle.jpg'),(6,'The Last Stand: Aftermath','2021-11-16','Un nouveau rogue-lite solo d\'action/aventure par les créateurs de The Last Stand: Union City et Dead Zone. Infecté par un virus zombie, vous partez explorer un monde post-apocalyptique afin de trouver une lueur d\'espoir pour les survivants. Vous pouvez encore faire la différence. N\'abandonnez pas. ','theLastStand.jpg'),(7,'Sherlock Holmes Chapter One','2021-11-16','Dans ce thriller policier, un jeune Sherlock Holmes s’efforce de surmonter les obstacles que lui réservent les paysages aussi exotiques que dangereux de l’île afin de prouver son génie et d’élucider les mystères qui entourent la mort de sa mère. ','sherlock.jpg'),(8,'Jurassic World Evolution 2','2021-11-09','Jurassic World Evolution 2 est le successeur très attendu du jeu de gestion hautement acclamé Jurassic World Evolution, édité par Frontier en 2018. Toujours plus immersive et révolutionnaire, cette suite représente une nouvelle ère pour la franchise.','jurassiWorld.jpg'),(9,'ALTF4','2021-11-12','Jeu 3D Perma-Death Runner à la 3e personne]Essayez de surmonter divers obstacles jusqu\'à la fin. ','altf4.jpg'),(10,'Marvel\'s Guardians of the Galaxy','2021-10-26','Embarquez pour une virée déjantée à travers la galaxie dans cette version inédite de Marvel\'s Guardians of the Galaxy. Incarnez Star-Lord et menez les Gardiens dans des situations plus explosives les unes que les autres. Ça va le faire. Normalement. ','marvelGuardians.jpg'),(11,'Back 4 Blood','2021-10-12','Back 4 Blood est un jeu de tir à la première personne frénétique et coopératif, développé par les créateurs de la franchise Left 4 Dead acclamée par la critique. ','backBlood.jpg'),(12,'The Pathless','2021-11-16','Les créateurs d’ABZÛ présentent The Pathless, aventure mystique d’une archère et d’un aigle dans une vaste forêt. Devenez la Chasseuse, maître archer sur une île mystique qui affronte un sort des ténèbres qui menace le monde.','ThePathless.jpg'),(13,'Forza Horizon 5','2021-11-09','La toute dernière aventure Horizon n\'attend que vous ! Partez pour des expéditions à couper le souffle dans un monde ouvert vivant et en constant changement situé dans les paysages magnifiques du Mexique et vibrez au volant de plusieurs centaines de voitures parmi les plus belles au monde. ','Forza Horizon 5.jpg'),(14,'Surviving the Aftermath','2021-11-16','Survivez et prospérez dans un avenir post-apocalyptique : Les ressources sont rares, mais les possibilités, infinies ! Construisez une colonie à l\'épreuve des catastrophes, protégez vos colons et restaurez la civilisation dans un monde dévasté.','survivingAftermath.jpg'),(15,'Moncage','2021-11-16','Moncage is a unique puzzle adventure game where you explore a fascinating world trapped inside a mysterious cube. With each face displaying a unique scene, you’ll have to leverage the illusions and discover the hidden links to solve the puzzle.','moncage.jpg'),(16,'Grow: Song of the Evertree','2021-11-16','Cultivez vos propres mondes et entretenez un lien naturel et profond avec tout ce qu\'ils contiennent. Soyez témoin des changements positifs que vos actions apportent sur le monde et ramenez l\'Evertree à la vie dans ce sandbox à couper le souffle, avec des éléments de gestion de vie et d\'aventure. ','grow.jpg'),(17,'FINAL FANTASY V','2021-11-10','La version originale de FINAL FANTASY V prend vie grace à de tout nouveaux graphismes! Une version remodelée en 2D du quatrième opus de la célèbre franchise FINAL FANTASY ! Explorez une histoire indémodable à travers de charmants graphismes rétro.','final_fanasy_5.jpg'),(18,'Russian Fishing 4','2021-11-11',' Russian Fishing 4 is a fishing simulator with RPG elements. There is no story line and the whole process is based on the concept of an open, free to roam and free to play game. ','russianFishing.jpg'),(19,'Cell to Singularity - Evolution Never Ends','2021-11-03','L\'évolution ne finit jamais. Simulez l\'extraordinaire histoire de l\'évolution dans ce jeu de clicker cosmique. ','cellOfSingularity.jpg'),(20,'Unpacking','2021-11-02','Unpacking est un jeu de puzzle zen sur l\'expérience familière de sortir ses affaires de cartons et de les placer dans une nouvelle maison. Moitié puzzle de blocs, moitié décoration d\'intérieur, venez créer un espace de vie agréable tout en découvrant des indices sur la vie que vous déballez. ','Unpacking.jpg'),(21,'Ship Graveyard Simulator','2021-11-10','Visitez le plus grand cimetière de navires au monde! Choisissez le navire le plus précieux pour vous et commencez votre aventure. Incarnez un des ouvriers pendant le travail le plus dangereux au monde. Démantelez tout le navire, vendez les pièces obtenues et améliorez votre équipement. ','ShipGraveyardSimulator.jpg'),(22,'Inscryption','2021-10-19','Inscryption est une odyssée personnelle qui prend la forme d\'un jeu de cartes d\'un noir d\'encre qui mélange le rogue-like, la création de deck, les énigmes des escape-room et l\'horreur psychologique. Mais ce n\'est pas tout, car les cartes renferment des secrets encore plus noirs... ','Inscryption.jpg'),(23,'New World','2021-09-28','Parcourez un MMO en monde ouvert palpitant plein de dangers et d’opportunités dans lequel vous vous forgerez une nouvelle destinée sur l’île surnaturelle d’Aeternum. ','NewWorld.jpg'),(24,'Tavern Master','2021-11-16','Tavern Master consiste à gérer une taverne médiévale. Vous commencez avec une toute petite pièce, quelques bancs et tables, et vous progressez jusqu\'à devenir une grande taverne prospère avec une cuisine, des chambres pour les clients, un groupe de loyaux employés et bien plus encore! ','tavernMaster.jpg'),(25,'Football Manager 2022','2021-11-08','Au plus proche de la réalité de la gestion footballistique. FM22 vous apporte de nouvelles manières de faire la différence, distiller votre style footballistique et faire vos preuves sur le terrain. ','FootballManager2022.jpg'),(26,'Age of Empires IV','2021-10-28','L’un des jeux de stratégie en temps réel les plus appréciés fait son grand retour avec Age of Empires IV, vous plaçant au cœur des batailles historiques qui ont marqué l’Histoire. ','ageOfEmpire4.jpg'),(27,'Super Robot Wars 30','2021-10-27','30 années se sont écoulées, et la bataille pour l\'avenir de notre monde continue. Super Robot Wars est un RPG tactique qui rassemble des personnages et des robots issus de différents anime mécha pour combattre leurs ennemis communs','superRobotWars30.jpg'),(28,'Combat Mission Cold War','2021-11-16','CM Cold War is set in the tipping-point years of a conflict that gripped the world for 45 years. Between 1979-1982, both the NATO and Soviet Warsaw Pact militaries began the shift away from industrialized warfare of the early 20th century and towards the modern digital battlefield of today.  ','combatMissionColdWar.jpg'),(29,'Legion TD 2 - Multiplayer Tower Defense','2021-10-01','Un tower defense multijoueur et solo, rejouable à l\'infini. Défendez contre des vagues d\'ennemis et détruisez le Roi adverse avant qu\'ils ne détruisent le vôtre. Legion TD 2 est un jeu unique de tactique, de travail d\'équipe et de prédiction. Jouez de 1 à 8 joueurs. ','legionTd2.jpg'),(30,'Pro Basketball Manager 2022','2021-11-16','Pro Basketball Manager 2022 inclut plus de 160 compétitions avec la plus grande profondeur et authenticité jamais vues dans un jeu de management de basketball. ','proBasketballManager2022.jpg'),(31,'In Silence','2021-10-30','In Silence est un jeu d\'horreur multijoueur. Un joueur joue le rôle du monstre qui a des capacités auditives hypersensibles et presque complètement aveugle. Les autres joueurs (2-6) jouent en tant que survivants, essayant de s\'échapper ou de chasser le monstre. ','inSilence.jpg'),(32,'Ruined King: A League of Legends Story','2021-11-16','Dressez-vous contre la Ruine - Contrôlez un groupe de champions de League of Legends, explorez Bilgewater et naviguez jusqu\'aux Îles obscures pour découvrir ce que cache la Brume noire dans ce jeu de rôle immersif au tour par tour.','ruinedKing.jpg'),(33,'Prison Simulator','2021-11-04','Faites l\'expérience de la vie en prison dans le confort de votre propre maison. Sans aucune conséquence sur la vie réelle ! ','PrisonSimulator.jpg'),(34,'Tiny Tina et la Forteresse du Dragon: Une aventure merveilleuse','2021-11-09','Écrabouillez des squelettes, tuez des dragons et affrontez des golems géants dans Tiny Tina et la Forteresse du Dragon : Une aventure merveilleuse. Redécouvrez le jeu salué par la critique en 2013, bourré de fantasy, d\'humour et de montagnes de butin magique ! ','TinyTina.jpg'),(35,'Pathfinder: Wrath of the Righteous','2021-09-02','Lancez-vous dans une aventure épique et prenez la direction d\'un royaume sous le joug des démons avec le nouveau RPG des créateurs de Pathfinder: Kingmaker. Explorez la nature du bien et du mal, découvrez le véritable coût du pouvoir, et incarnez un héros mythique aux capacités hors du commun','Pathfinder.jpg'),(36,'Piratopia','2021-11-11','Set sail in the open seas and plunder solo, PvE or PvP. Trade goods for ship upgrades or equipments to hunt the Kraken, all in the same Server. Dominate by yourself or with maties. Arrrr for free! ','Piratopia.jpg'),(37,'WRC 10 FIA World Rally Championship','2021-09-02','Acclamée par la critique et par les pilotes professionnels, la simulation de course off-road de référence se réinvente ! Décrochez le podium de la saison 2021 et pour célébrer les 50 ans de la compétition, revivez les moments les plus forts au volant de voitures de légende. ','WRC10.jpg'),(38,'FlatOut 2','2006-08-01','CONDUIRE AVEC AUTANT D\'IMPRUDENCE N\'EST PAS UN ACCIDENT !Mais vous pouvez en causer quelques-uns. Dans ces courses ultra rapides, plus vous infligez de casse, mieux c\'est. Ce qui se fait de mieux en bolides survitaminés et en pilotes déjantés vous attend pour tester vos penchants destructeurs. ','FlatOut2.jpg'),(39,'TrackMania Stadium','2013-02-27','TrackMania Stadium marque le grand retour de l’environnement “Stadium” plébiscité par les millions de joueurs de TrackMania Nations Forever. Tirant pleinement parti des capacités de la plateforme ManiaPlanet dans laquelle le titre est désormais intégré, TrackMania² Stadium offre une amélioration des graphismes et de l’éditeur de circuits, et propose de nombreux autres services.[/p]\r\n[p]TrackMania² Stadium est un jeu de course rapide et complètement fou ! Facile à prendre en main, son gameplay profond et purement basé sur les compétences des joueurs en a fait un succès sur la scène eSports depuis des années. Enfin, TrackMania² Stadium offre un contenu riche et varié, apporté par les joueurs grâce aux puissants outils de création de circuits, de voitures et de modes de jeu','TrackmaniaStadium.jpg'),(40,'Need for Speed Most Wanted','2012-10-30','Pilotez en toute liberté dans le monde ouvert de Need for Speed™ Most Wanted. Faites des sauts, prenez des raccourcis, changez de voiture, cachez-vous ou rejoignez un terrain adapté à votre véhicule. Mélangez nitro, technologie et talent pour laisser flics et concurrents loin derrière. Tout se passe entre vous, vos amis et des voitures de légende. Montrez votre talent. ','nfs_cover.jpg'),(41,'World War Z: Aftermath','2021-09-21','World War Z : Aftermath est le jeu de tir coopératif ultime contre des zombies, inspiré du film à succès de Paramount Pictures. C\'est la nouvelle évolution du jeu original World War Z, qui a séduit plus de 15 millions de joueurs. Changez le cours de l\'apocalypse zombie sur consoles et sur PC grâce au cross-play intégral. Rejoignez trois amis ou jouez seul avec des coéquipiers contrôlés par l\'IA, et affrontez des hordes de zombies enragés dans une campagne gigantesque découpée en épisodes palpitants qui vous emmènera partout dans le monde. Reprenez la Cité du Vatican lors d\'une confrontation épique à Rome, et unissez vos forces à celles des survivants dans la péninsule enneigée du Kamtchatka, en Russie.\r\n\r\nDe nouvelles histoires dans un monde en guerre\r\nReprenez la Cité du Vatican lors d\'une confrontation épique à Rome, et unissez vos forces à celles des survivants dans la péninsule enneigée du Kamtchatka, en Russie. Incarnez de nouveaux héros ou battez-vous avec vos vétérans préférés, et combattez les morts-vivants grâce à un nouveau système de combat au corps à corps brutalement efficace. Vous allez décimer les zékés avec des mouvements uniques, de nouvelles compétences et des armes à deux mains, comme la faux et le hachoir. Repoussez de nouvelles menaces monstrueuses, comme des meutes de rats affamés de chair humaine qui déclencheront un chaos total dans votre équipe.\r\n\r\nLa nouvelle génération des hordes de zombies\r\nJouez en 4K à 60 images par seconde. Faites face à des vagues infinies de zombies de plus en plus agressives dans le nouveau mode de jeu Horde XL, avec des centaines de zombies de plus à l\'écran qu\'auparavant. Le mode Horde XL sera disponible lors d\'une mise à jour gratuite sur PC après le lancement.\r\n\r\nProgression plus poussée et nouvelles perspectives\r\nUne nouvelle vue encore plus immersive : le nouveau mode première personne d\'Aftermath va vous plonger au cœur de l\'action. Développez huit classes uniques : Fantassin, Artificier, Surineur, Infirmier, Agent d\'appui, Exterminateur, Dronemaster et une toute nouvelle classe, le Vanguard. Chaque classe aura ses propres atouts et un style de jeu différent. Personnalisez vos armes pour survivre à n\'importe quel défi, et partez à la conquête de nouvelles missions quotidiennes avec des modificateurs spéciaux pour obtenir des récompenses bonus. ','WorldWarZ.jpg'),(42,'Counter-Strike: Global Offensive','2012-08-21','Counter-Strike: Global Offensive (CS:GO) étend le genre du jeu d\'action en équipe dont Counter-Strike fut le pionnier lors de sa sortie, en 1999.\r\n\r\nCS:GO offre de nouvelles cartes et armes ainsi que de nouveaux personnages et modes de jeu, et renouvelle les cartes classiques telles que de_dust2.\r\n\r\nD\'après Doug Lombardi, employé de Valve, « Counter-Strike a pris l\'industrie du jeu vidéo de court quand ce mod improbable est devenu le jeu d\'action PC en ligne le plus populaire au monde juste après sa sortie, en aout 1999. Depuis, Counter-Strike s\'est confirmé comme l\'un des jeux les plus populaires au monde et occupe le devant de la scène professionnelle. La franchise s\'est écoulée à plus de 25 millions d\'exemplaires. CS:GO promet d\'étendre la présence de Counter-Strike et son gameplay légendaire sur PC, sur Mac ainsi que sur les consoles de dernière génération. » ','counter_strike.jpg'),(43,'Tom Clancy\'s Rainbow Six Siege','2015-12-01','Maîtrisez l’art de la destruction et les gadgets dans Tom Clancy\'s Rainbow Six Siege. Faites face à des combats rapprochés intenses, affrontements mortels, tactiques, jeu d’équipe et actions explosives à chaque moment. Découvrez une nouvelle ère d\'échanges de tir féroces et une stratégie experte dans la lignée des anciens volets de la série Tom Clancy’s Rainbow Six.\r\n\r\nParticipez à un nouveau style d\'attaque avec un niveau de destruction et de gadgets sans parallèle.\r\nEn défense, coordonnez avec votre équipe pour transformer vos environnements en forteresses. Posez des pièges, fortifiez et créez des systèmes défensifs pour empêcher les ennemis de pénétrer.\r\nEn attaque, menez votre équipe à travers des corridors étroits, des portes barricadées et des murs renforcés. Mélangez cartes tactiques, drones d\'observations, la descente en rappel et plus pour planifier l\'assaut et neutraliser la menace.\r\n\r\nChoisissez parmi des dizaines d\'agents hautement entrainés des Forces spéciales des quatre coins du monde. Déployez la dernière technologie pour suivre les mouvements ennemis. Faites éclater les murs pour ouvrir de nouvelles lignes de tir. Pénétrez les plafonds et les sols pour créer de nouveaux points d\'accès. Utilisez toute arme et gadget de votre arsenal meurtrier pour trouver, manipuler et détruire vos ennemis et les environnements qui les entourent.','rainbow_six.jpg'),(44,'Destiny 2','2019-10-01','Plongez dans l\'univers de Destiny 2 pour explorer les mystères de notre système solaire, et découvrez les combats réactifs de ce jeu de tir à la première personne. Débloquez de puissantes capacités élémentaires et collectionnez de l\'équipement unique pour personnaliser le look de votre Gardien et votre style de jeu. Découvrez les cinématiques de Destiny 2, des missions en coopération corsées, et toute une variété de modes en JcJ en solo ou avec vos amis. Téléchargez gratuitement dès aujourd\'hui et écrivez votre légende dans les étoiles.\r\nUne histoire immersive\r\nVous êetes un Gardien, défenseur du dernier siège de l\'humanité d\'un système solaire assiégé par de nombreux ennemis. Regardez les étoiles et faites face aux ténèbres. Votre légende commence maintenant.\r\n\r\nClasses de Gardiens:\r\nChoisissez entre les Titans blindés, les Arcanistes mystiques, ou les Chasseurs agiles\r\n\r\nTitans:\r\nFiers et disciplinés, les Titans maîtrisent tout aussi bien des attaques brutales que des techniques de défense inébranlables. Enflammez votre marteau, déchirez le ciel d\'éclairs et faites face à n\'importe quel ennemi. Votre équipe se tiendra à vos côtés derrière la puissance de votre bouclier.\r\n\r\nArcanistes:\r\nLes Arcanistes transforment les mystères de l\'univers en armes pour se protéger et détruire leurs ennemis. Apportez la dévastation sur le champ de bataille et éliminez des hordes d\'ennemis d\'un claquement de doigts. Ceux qui se tiennent à vos côtés connaîtront le véritable pouvoir de la Lumière.\r\n\r\nChasseurs:\r\nAgiles et audacieux, les Chasseurs ont la gâchette facile et sont extrêmement vifs. Armez vous de votre Pistolet d\'or et repoussez vos ennemis comme une bourrasque, ou attaquez-les depuis les ténèbres. Trouvez votre ennemi, visez, et terminez ce combat avant même qu\'il n\'ait commencé.','destiny2.jpg'),(45,'Grand Theft Auto V','2015-04-14','Lorsqu\'un jeune arnaqueur, un braqueur de banque à la retraite et un terrifiant psychopathe se retrouvent piégés par de grands criminels, le gouvernement américain et l\'industrie du divertissement, ils décident de se lancer dans une série de braquages pour survivre dans une ville sans pitié, où ils ne peuvent se fier à personne, même entre eux.\r\n\r\nGrand Theft Auto V sur PC offre aux joueurs la possibilité d\'explorer le monde de Los Santos et Blaine County en haute résolution (jusqu\'à 4K) et à 60 images par seconde.\r\n\r\nLe jeu propose également tout un panel d\'options de personnalisation spécifiques au PC, incluant 25 paramètres distincts de qualité de texture, d\'ombres, de pavage, d\'anticrénelage et d\'autres, ainsi que la possibilité de personnaliser intégralement les commandes de la souris et du clavier. Les options permettent également de contrôler la densité du trafic, pour les piétons et les automobilistes, d\'utiliser jusqu\'à trois écrans, de jouer en 3D, et incluent un système plug-and-play pour vos manettes.\r\n\r\nGrand Theft Auto V sur PC contient également Grand Theft Auto Online, avec des parties pouvant accueillir jusqu\'à 30 joueurs et deux spectateurs. Toutes les améliorations existantes de gameplay et le contenu créé par Rockstar depuis le lancement de Grand Theft Auto Online seront également disponibles, y compris les Braquages et les modes Rivalité.\r\n\r\nLes versions PC de Grand Theft Auto V et Grand Theft Auto Online incluent le mode à la première personne, qui permet aux joueurs d\'explorer l\'extraordinaire monde de Los Santos d\'un tout nouveau point de vue.\r\n\r\nÉgalement dans les nouveautés : l\'Éditeur Rockstar, un outil créatif très complet pour enregistrer, modifier et partager vos vidéos de gameplay de Grand Theft Auto V et Grand Theft Auto Online. Le mode Réalisateur permet aux joueurs de créer leur propre mise en scène en se servant des protagonistes du mode Histoire, de piétons ou même d\'animaux. Vous pouvez manipuler la caméra comme bon vous semble et ajouter des effets spéciaux incluant des scènes en accéléré ou au ralenti et différents filtres de caméra. Les joueurs peuvent ajouter des musiques en se servant des chansons diffusées sur les stations de radio de GTAV et contrôler l\'intensité de la bande-originale du jeu. Les vidéos terminées peuvent être publiées directement depuis l\'Éditeur Rockstar sur YouTube ou sur le Rockstar Games Social Club.','GTA_V.jpg'),(46,'Rust','2018-02-08','Dans Rust, le seul but est de survivre.\r\n\r\nPour cela, vous devrez surmonter des difficultés telles que la faim, la soif, et le froid. Allumez un feu. Construisez un abri. Tuez des animaux pour leur viande. Protégez-vous des autres joueurs, et tuez-les pour leur viande. Créez des alliances avec d\'autres joueurs et développez une ville.\r\n\r\nFaites ce qu\'il faut pour survivre. ','Rust.jpg'),(47,'Left 4 Dead 2','2009-11-17','Situé dans un univers post-apocalyptique peuplé de zombies, Left 4 Dead 2 est la suite très attendue du meilleur jeu de coop de 2008.\r\nCe jeu de tir d\'action et de coop à la première personne entraîne votre équipe dans les cimetières et marécages, de Savannah à La Nouvelle-Orléans en 5 campagnes.\r\nVous incarnerez l\'un des quatre survivants et vous disposerez d\'un vaste arsenal d\'armes de destruction classiques et améliorables. En plus des armes à feu, vous aurez également accès à des armes tranchantes et contondantes pour produire un maximum de dégâts en corps à corps : tronçonneuses, haches et la mortelle poêle à frire.\r\nCes armes seront à mettre à l\'épreuve (ou à utiliser en mode Versus) contre d\'horribles adversaires comme les trois nouveaux infectés spéciaux. Vous rencontrerez également cinq nouveaux zombies communs singuliers, notamment les terribles Mudmen (Boueux).\r\nLa jouabilité nerveuse orientée action du jeu est portée à un niveau supérieur par une nouvelle intelligence artificielle : AI Director 2.0. Cette nouvelle version de Director modifie procéduralement la météo de vos combats et les chemins que vous empruntez, et adapte le nombre de vos adversaires, les sons et les effets selon vos performances. L4D2 vous apportera une expérience unique et adaptée à votre style de jeu à chaque session.\r\n\r\n    Jeu d\'action et de coopération nouvelle génération par les créateurs de Half-Life, Portal, Team Fortress et Counter-Strike.\r\n    Avec plus de vingt armes et objets, dont au moins dix armes de corps à corps (hache, tronçonneuse, poêle à frire, batte de base-ball...), vous tiendrez les zombies en respect.\r\n    Nouveaux survivants, nouvelle histoire, nouveaux dialogues.\r\n    Cinq nouvelles campagnes pour les modes coopératifs, survie et en opposition (Versus).\r\n    Un tout nouveau mode multijoueur.\r\n    Zombies communs singuliers. Chacune des cinq campagnes contient au moins un type de zombie commun singulier exclusif.\r\n    AI Director 2.0 : la technologie avancée d\'AI Director avait façonné la jouabilité unique de L4D en personnalisant l\'introduction des adversaires, les effets et la musique en fonction des performances du joueur ou de la joueuse. L4D2 utilise AI Director 2.0, qui étend les possibilités de personnalisation à la composition de l\'environnement des cartes, aux objets du monde virtuel, à la météo, aux effets spéciaux et aux variations des éclairages en fonction de l\'heure de la journée.\r\n    Statistiques, classements et système de récompense pour le jeu coopératif.','left_4_dead.jpg'),(48,'Battlefield V','2018-10-09','Il s\'agit de l\'expérience Battlefield V ultime. Découvrez le plus grand conflit de l\'Histoire sur terre, dans les airs et en mer avec tout le contenu de gameplay débloqué dès le départ. Faites votre choix parmi l\'ensemble des armes, des véhicules et des gadgets, puis plongez dans les batailles acharnées de la Seconde Guerre mondiale. Démarquez-vous sur le champ de bataille avec l\'effectif complet des Élites et les meilleurs éléments de personnalisation des années 1 et 2.\r\n\r\nL\'Édition Définitive de Battlefield™ V contient le jeu de base Battlefield™ V et la collection définitive de contenu :\r\n\r\n    tous les contenus de jeu (armes, véhicules et gadgets) du lancement, de l\'année 1 et de l\'année 2.\r\n    tous les Élites.\r\n    84 variations de tenues immersives pour les armées britannique et allemande, pour un bac à sable de Seconde Guerre mondiale toujours plus riche.\r\n    8 tenues de soldat de l\'année 2.\r\n    2 skins d\'armes de l\'année 2, applicables respectivement à 10 et 4 armes.\r\n    3 décorations de véhicules.\r\n    33 récompenses de chapitre de l\'année 1.','battlefield5.jpg'),(49,'World of Tanks Blitz','2016-11-09','Découvrez le jeu de tir en char. Rejoignez plus de 100 millions de joueurs ! Combattez lors de batailles en équipe en 7 contre 7, seul ou avec des amis, recherchez et améliorez les véhicules blindés, essayez différentes tactiques et gagnez. Choisissez un char et rejoignez les combats !\r\n\r\n\r\nFONCTIONNALITÉS DU JEU\r\n• Un vaste monde de chars. Regardez des véhicules historiques et des modèles issus d’autres univers populaires s’affronter sur le champ de bataille. Le jeu comporte plus de 300 véhicules uniques !\r\n• Des batailles dynamiques en 7 contre 7 dans différents modes et plus de 23 lieux différents. Chaque bataille est imprévisible : l’issue ne dépend que de vous et votre équipe.\r\n• Un système de progression bien développé. Explorez tout l’éventail de véhicules allant des chars légers de rang I aux énormes lourds de rang X. Changez de canon, installez de l’équipement, appliquez un camouflage : ajustez votre véhicule pour correspondre à votre style de jeu.\r\n• Des graphismes spectaculaires qui s’optimisent automatiquement à votre appareil. L’ajustement manuel vous permet de trouver le juste équilibre entre les couleurs éclatantes et un taux élevé d’images par seconde.\r\n• Du jeu en équipe. Créez des pelotons avec vos amis ou rejoignez un clan pour combattre avec des joueurs animés des mêmes valeurs, puis participez aux tournois primés !','worldOfTanks.jpg'),(50,'Terraria','2011-05-16','Creuser, survivre, explorer, construire ! Tout est possible dans ce jeu d\'aventure bourré d\'action. Le monde est votre toile et le sol votre peinture.\r\nPrenez vos outils, et c\'est parti ! Fabriquez des armes pour lutter contre toutes sortes d\'ennemis. Creusez en profondeur pour trouver des accessoires, de l\'argent et plein d\'autres objets qui pourront vous être utiles. Partez à la recherche de matériaux pour fabriquer tout ce qu\'il vous faut pour créer votre propre monde. Construisez une maison, un fort ou pourquoi pas un château. Des gens s\'installeront et vendront peut-être même leurs services pour vous aider dans votre voyage.\r\nAttention, ce n\'est pas tout, d\'autres défis vous attendent... Êtes-vous prêt à vous retrousser les manches ?\r\nCaractéristiques :\r\n\r\n    Jeu bac à sable\r\n    Des mondes créés de manière aléatoire\r\n    Mises à jour du contenu gratuites','terraria.jpg'),(51,'Among Us','2018-11-16','Bienvenue, recrues !\r\n\r\nCap sur la nouvelle carte d\'Among Us : Airship ! Œuvrez de concert avec vos coéquipiers sur ce vaisseau pour mener à bien le projet le plus prestigieux... mais êtes-vous un membre de l\'équipage ou un imposteur ? Là est la question !\r\n\r\nContenu de cette mise à jour gratuite :\r\n\r\n    La 4e carte, et la plus gigantissime\r\n    Nouvelles tâches dont polissage de bijoux, vidage des poubelles (trop fun) et bien plus encore\r\n    Possibilité de choisir la salle de départ\r\n    Nouvelles zones à explorer (pour y trépasser)\r\n    Mobilité améliorée grâce aux échelles et aux plateformes mobiles\r\n    Nouveaux couvre-chefs gratuits, dont une broche en forme de cœur, des sourcils en colère, une tête de licorne, des pis et bien d\'autres encore!','AmongUs.jpg'),(52,'Don\'t Starve Together','2016-04-21','Don\'t Starve Together est l’extension multijoueur autonome de Don’t Starve, le jeu de survie intransigeant qui se déroule dans un univers sauvage.\r\n\r\nEntrez dans un monde bizarre et inexploré, plein d’étranges créatures, de dangers et de surprises. Collectez des ressources pour fabriquer des objets et des structures qui correspondent à votre style de survie. Jouez en élucidant les mystères d’un bien curieux pays.\r\n\r\nCoopérez avec vos amis dans des parties privées, ou tentez votre chance avec des inconnus en ligne. Collaborez avec d’autres joueurs pour survivre dans un environnement rigoureux, ou débattez-vous tout seul.\r\n\r\nFaites le nécessaire, mais surtout : ne mourez pas de faim ! ','DontStarveTogether.jpg'),(53,'Oxygen Not Included','2019-07-30','In the space-colony simulation game Oxygen Not Included you’ll find that scarcities of oxygen, warmth and sustenance are constant threats to your colony\'s survival. Guide colonists through the perils of subterranean asteroid living and watch as their population grows until they\'re not simply surviving, but thriving...\r\n\r\nJust make sure you don\'t forget to breathe.\r\n\r\nBuild Extensive Bases and Discover What it Takes to Survive:\r\nEverything in your space colony is under your control, from excavation and resource allocation right down to plumbing and power systems. Resources will begin depleting with your first breath, however, so be sure to dig fast if you want to live.\r\n\r\nIt’s Mind Over Matter with Stress Simulations:\r\nKeep the psychological impact of survival at bay with fun leisure activities, great accommodations and even better food for your colony. Duplicants each have different and potentially destructive ways of reacting to stress, so be sure to always keep them happy. Whatever the cost.','OxygenNotIncluded.jpg'),(54,'LEGO Marvel Super Heroes 2','2017-11-14','Le MOMENT est venu ! Rejoignez vos super-héros et super-vilains préférés dans de nombreux lieux et différentes époques, afin d’affronter Kang le Conquérant, grand voyageur spatio-temporel ! Incarnez les Gardiens de la Galaxie, Spider-Man, Thor, Hulk, La Panthère Noire, Captain Marvel, Dr Strange, Le Bouffon Vert et plusieurs dizaines d\'autres super-héros et super-vilains iconiques de l\'univers Marvel dans cette bataille cosmique à travers la ville futuriste de Chronopolis. Explorez des environnements variés, de l\'Égypte antique au Grand Ouest, en passant par Sakaar ou encore New York City en 2099, et transportez des objets et des personnages à travers les siècles. Avec les nouveaux modes Bataille, jouez entre amis ou en famille et faites face à des défis thématiques ou affrontez-vous dans les Arènes de Combat ! ','legoMarvel.jpg'),(55,'Hero Zero','2016-07-06','Hero Zero est l\'un des RPG multijoueurs en ligne gratuits les plus populaires. Crée ton propre super-héros dans un univers fascinant et hilarant qui abrite des centaines de malfrats, criminels et boss. Lutte contre le crime dans différentes parties du monde pour devenir le super-héros le plus puissant et le plus craint de l\'univers. Rétablis la justice et la paix dans le monde. Déverrouille des améliorations et des gadgets aussi puissants qu\'hilarants à équiper lors de combats épiques et de missions solo palpitantes.\r\n\r\nConstruis ta propre base de héros secrète sous ta maison de Humpreydale. Améliore et modifie ton refuge pour obtenir de meilleures récompenses et gagner en efficacité. Affronte d\'autres joueurs pour découvrir qui a la meilleure base de héros.\r\n\r\nRejoins une équipe ou crées-en une avec tes amis et construis ton propre quartier général pour mieux combattre le mal. Mesure-toi à d\'autres joueurs et d\'autres équipes lors de combats multijoueurs épiques super cool. Personne ne pourra t\'empêcher d\'atteindre le haut du classement dans ta quête pour devenir le plus grand super-héros du monde.\r\n\r\nFonctionnalités :\r\n\r\n    Plus de 26 millions de joueurs !\r\n    Mises à jour gratuites et nouveau contenu régulièrement disponibles\r\n    Jeu gratuit !\r\n    Crée ton propre héros et personnalise-le\r\n    Forme ta propre équipe de super-héros !\r\n    Défie d\'autres héros en JcJ et lors de combats d\'équipe\r\n    Intrigue fascinante et hilarante\r\n    Gameplay intuitif\r\n    Graphismes stimulants\r\n    Événements en temps réel liés aux malfrats et accueillant des milliers de joueurs\r\n\r\n\r\nEntame gratuitement ton aventure épique et amusante ! ','heroZero.jpg'),(56,'Batman : Arkham Knight','2015-06-23','Batman : Arkham Knight marque le dénouement épique de la trilogie primée Arkham, créée par les studios Rocksteady. Développé exclusivement pour les consoles nouvelle génération, Batman: Arkham Knight introduit une version unique de la Batmobile, créée par Rocksteady. Ce véhicule légendaire, associé au gameplay plébiscité de la série Batman Arkham, offre aux joueurs l\'expérience de jeu Batman la plus complète. Roulez à toute allure dans les rues de Gotham City et élancez-vous au-dessus des toits. Dans ce final explosif, Batman affronte la menace ultime dans la ville qu’il s’est juré de protéger. L\'Épouvantail est de retour pour réunir les super-vilains de Gotham et détruire Batman une bonne fois pour toutes.\r\n\r\nIncarnez Batman : Enfilez le masque alors que le Chevalier noir s\'aventure dans l\'ultime chapitre de la trilogie Arkham par Rocksteady. Les joueurs incarneront le plus grand détective du monde comme jamais auparavant grâce à l\'arrivée de la Batmobile et aux améliorations apportées à des éléments clés des précédents opus : le combat déchaîné, la furtivité, le scanner médico-légal et la navigation.\r\n\r\nLa Batmobile est là ! La Batmobile adopte un look totalement inédit et original, avec à son bord toute une panoplie de gadgets high-tech. Conçue pour être pilotable dans tout l\'univers du jeu et capable de se transformer, passant du mode poursuite à haute vitesse au mode combat pour devenir une véritable machine de guerre. Ce véhicule légendaire est au cœur de la conception du jeu et permet au joueur de se lancer à la poursuite des plus dangereux criminels de Gotham en traversant ses rues à une vitesse incroyable. La Batmobile permet également d\'améliorer toutes les capacités de Batman, que ce soit la navigation, le scanner médico-légal, les combats ou la résolution d\'énigmes, créant ainsi un lien tangible entre homme et machine.\r\n\r\nLa conclusion épique de la trilogie Arkham de Rocksteady : Dans Batman: Arkham Knight, Gotham city devient un véritable champ de bataille. L’attaque de l’asile dans Batman: Arkham Asylum, qui a ensuite évolué en une terrible conspiration contre les prisonniers dans Batman: Arkham City, arrive à son apogée dans cet ultime affrontement pour le futur de Gotham. Déjà à la merci de l\'Épouvantail, le destin de la ville ne tient qu’à un fil alors que ce dernier est rejoint par le Chevalier d’Arkham, un personnage complètement inédit et original dans l’univers de Batman, ainsi que par un casting dantesque de super-vilains comme Harley Quinn, Le Pingouin, Double-Face et l\'Homme-mystère.','batman_harkam_knight.jpg'),(57,'Spider-Man: Homecoming - Virtual Reality Experience','2017-06-30','For the first time, you can suit up as Spider-Man and see what it’s like to be the world’s favorite superhero. Learn the ins and outs of your brand new Stark Industries upgraded web shooters and master different web types as you race to complete fast-paced targeting trials – but you’ll have to learn quickly… The Vulture is on the loose and coming for you. Sling high above the city in a dramatic confrontation before pursuing Spidey\'s deadliest enemy.\r\n\r\nBased on the all-new 2017 film, the Spider-Man Homecoming VR Experience is a fun and thrilling first-person look inside the world of your friendly neighborhood Spider-Man.','Spider-Man.jpg'),(58,'DC Universe Online','2011-11-02','DC Universe Online est un jeu gratuit d\'action massivement multijoueur prenant place dans l\'univers de DC Comics. Créez votre propre Super-Héros ou Super-Vilains et vivez des combats effrénés au côté de personnages légendaires tels que Batman, Superman et Le Joker. Jouez gratuitement dès maintenant !\r\nCaractéristiques\r\n\r\n    Découvrez le pouvoir du combat viscéral dans lequel vous contrôlez tous les coups que donne votre personnage, ce qui vous offre un niveau d\'action sans précédent dans le domaine des MMOs.\r\n    Choisissez votre camp -- super-héros ou super-vilain -- pendant que vous combattez pour sauver ou conquérir l\'univers.\r\n    Combattez avec ou contre vos héros et vilains préférés de DC tels que Batman, Le Joker, Superman, Wonder Woman et bien d\'autres… La prochaine légende, c\'est VOUS !\r\n    Découvrez l\'intensité d\'un monde créé dans la vision artistique du légendaire artiste de bandes dessinées américaines Jim Lee.\r\n    Profitez du moteur physique de pointe et utilisez comme armes les objets qui vous entourent dans le monde, y compris vos ennemis !\r\n    Les joueurs créeront leur propre héros ou vilain personnalisé dans le style DC, chacun avec une apparence et une combinaison de super-pouvoirs uniques.\r\n    Embarquez-vous pour des aventures héroïques ou infâmes basées sur des histoires écrites par des écrivains célèbres de DC, tels que Geoff Johns et Marv Wolfman.\r\n    Le gameplay est autant optimisé pour le jeu sur PS3 que sur PC.\r\n    Explorez l\'Univers DC ; marchez dans les rues sombres de Gotham City, enquêtez sur les mystères du paysage urbain futuriste de Metropolis et voyagez dans des lieux légendaires comme Arkham Asylum et la Tour de guet de la Ligue de justice d\'Amérique.','dcUniverseOnline.jpg'),(59,'Injustice2','2017-12-01','Construisez et améliorez la version ultime de vos légendes DC préférées dans INJUSTICE 2.\r\n•CHAQUE COMBAT VOUS DÉFINIT : à chaque match, vous gagnerez des équipements pour personnaliser et faire évoluer vos personnages.\r\n•L\'ÉMERGENCE D\'UNE NOUVELLE MENACE : Batman lutte contre le régime de Superman, tandis qu\'apparaît une nouvelle menace remettant en cause l\'existence même de la Terre.\r\n•LE MEILLEUR DE DC : choisissez vos personnages dans le plus grand roster DC jamais vu pour des batailles épiques dans des lieux emblématiques.\r\n•CRÉÉ PAR NETHERREALM, le studio de développement primé de la franchise à succès MORTAL KOMBAT. ','Injustice2.jpg'),(60,'LEGO Batman 3: Beyond Gotham','2014-11-11','La franchise à succès LEGO Batman revient avec une aventure pleine d\'action ! Dans LEGO Batman 3: Au-delà de Gotham , le justicier masqué rejoint les forces des super héros de l\'univers DC Comics et s\'envole dans l\'espace pour empêcher le maléfique Brainiac de détruire la Terre. En utilisant le pouvoir des Anneaux de Lanterne, Brainiac rétrécit les mondes pour les ajouter à sa collection de cités miniatures qu\'il a glané aux quatre coins de l\'univers. À présent les plus grands super héros et les criminels les plus sournois doivent s\'unir et mettre le cap sur différents Mondes Lanternes pour réunir les Anneaux de Lanterne de Brainiac avant qu\'il ne soit trop tard.\r\n\r\n• Un combat spatial passionnant - Pour la première fois, combattez aux côtés de Batman et de ses alliés dans l\'espace et les différents Mondes Lanterne dont Zamaron et Odym.\r\n• Un groupe éclectique de héros et de bandits - Jouez et débloquez plus de 150 personnages aux pouvoirs et capacités uniques, comprenant les membres de la Ligue des Justiciers et des figures LEGO incontournables telles que Cyborg, Solomon Grundy et bien d\'autres.\r\n• Une histoire unique avec de nouvelles intrigues et des rebondissements – Des déguisements surprenants, la capacité de contrôle de l\'esprit de Brainiac et le pouvoir des Anneaux de Lanterne apportent un tout nouvel éclairage aux personnages que vous pensiez connaître parfaitement.\r\n• Piratez des terminaux d\'ordinateurs - Entrez dans un monde virtuel pour vous échapper de labyrinthes, combattez dans des arènes et foncez pour trouver le code.\r\n• La Roue des Gadgets Bat-tastique - Appuyez simplement sur un bouton pour choisir et améliorer les tenues et les capacités des personnages.\r\n• Une variété de personnages emblématiques - Visitez le Hall of Justice, la Grotte aux chauve-souris et la Tour de Guet de la Ligue des Justiciers pour accéder aux boutiques, aux salles des trophées et aux personnalisations des héros et véhicules.','legoBatman3.jpg'),(61,'Arma 3','2013-09-12','Découvrez un véritable gameplay de combat dans un sandbox militaire massif. Déployant une variété de contenu solo et multijoueur, plus de 20 véhicules et 40 armes, ainsi que des opportunités sans limites de création de contenu, voici le premier jeu militaire pour PC. Authentique, varié; ouvert - Arma 3™ vous fait vivre la guerre.\r\n\r\nFonctionnalités clé dans Arma 3\r\n\r\n    Altis & Stratis\r\n    Terrassez votre ennemi sur des champs de bataille richement détaillés – s\'étendant sur le terrain d\'une île méditerranéenne de plus de 290 km2. Des villes étendues aux régions vallonnées, qu\'il s\'agisse de faire avancer le rouleau compresseur de votre tank à travers les plaines poussiéreuses, faire voler un hélicoptère de transport au-dessus de la forêt dense ou de mener une guerre asymétrique depuis les collines rocheuses, les îles d\'Altis et de Stratis sont des mondes dynamiques, qui se prêtent aux engagements les plus variés dans le jeu.\r\n    Armes & Véhicules\r\n    Plongez dans le combat à pied, en conduisant des véhicules blindés ou par le ciel dans des hélicoptères et des jets. Conduisez des attaques armées combinées dans les airs, sur terre ou la mer avec plus de 20 véhicules à conduire et piloter, plus de 40 armes au choix, des chargements personnalisables avec des fixations à courte ou longue distance, et des types d\'équipements variés pour répondre à vos besoins sur le champ de bataille. Grâce à un immense arsenal à votre disposition, Arma 3 évolue dans un monde d\'opportunités tactiques.\r\n    Jeu solo\r\n    Suivez l\'histoire de Ben Kerry, un soldat qui se trouve pris dans une poudrière méditerranéenne, à travers trois épisodes-campagnes alimentées par le gameplay : Survivre, s\'adapter, gagner. Immergez-vous dans le gameplay varié d\'Arma 3 en exécutant les scénarios principaux. Courez à travers des exercices de tirs stimulants pour affiner vos compétences de tir et de déplacement, et achevez votre formation en souscrivant au Arma 3 Bootcamp, qui propose des didacticiels solo et multijoueurs, et un environnement d\'entraînement en Réalité Virtuelle.\r\n\r\nMultijoueur\r\nCombattez en ligne dans le sandbox militaire massif que représente Arma 3. Formez une escouade et faites équipe contre votre ennemi dans les scénarios multijoueurs officiels Défendre et Capturer. Ou bien sautez dans l\'un des nombreux modes de jeu populaires non-officiels développés par la communauté d\'Arma3. Découvrez une nouvelle forme de multijoueurs dans Arma 3 Zeus, où les Game Masters ont la capacité d\'influencer le champ de bataille des autres joueurs en temps réel.\r\nCréation de contenu\r\nCommencez à créer votre propre expérience avec l\'éditeur de scénario intuitif et les outils puissants de modding d\'Arma 3. Profitez d\'une plateforme pleine de contenu créé par les joueurs, allant des armes et véhicules personnalisés aux scénarios intenses en solo et aux modes de jeu multijoueurs complètement nouveaux. Partagez et découvrez le contenu dans le Steam Workshop d\'Arma 3, qui vous permet d\'installer du contenu créé par le joueur d\'un seul clic.\r\nMoteur Remanié\r\nNaviguez sur le champ de bataille avec de nouvelles animations fluides, ressentez la puissance dévastatrice du combat avec le moteur sonore amélioré, la nouvelle simulation ragdoll et les véhicules compatibles PhysX™. Poussé en avant par les innovations modifiant le jeu, le moteur entièrement moddable Real Virtuality™ 4 produit une nouvelle génération d\'Arma avec encore plus de superbes graphismes, un gameplay dévolu à la simulation et de gigantesques terrains de jeu.','arma_3.jpg'),(62,'Medal of Honor','2007-09-04','Opérant directement sous les ordres du « National Command Authority » (l\'autorité militaire suprême aux États-Unis ), il existe une entité de combattants, sélectionnés parmi les meilleurs, qui sont appelés pour des missions hautement sensibles. Ce sont les Opérateurs du Tier 1. Rattachés à l\'armée de l\'air, de terre ou aux encore aux Marines, plus de 2 millions de personnes portent l\'uniforme militaire aux États Unis. Parmi eux, cinquante milles soldats sont sous l\'autorité du Commandement des Opérations Spéciales.\r\nLes Opérateurs du Tier 1, sélectionnés parmi ces derniers, en sont l\'élite, au-dessus même des Forces Spéciales surentrainées. Leur nombre, même s\'il n\'est pas officiel, est de l\'ordre de quelques centaines. Ce sont des armes de guerre vivante d\'une extrême précision. Ils sont les experts dans le déploiement maitrisé de la violence.\r\nLe nouveau Medal of Honor a été développé en collaboration avec des Opérateurs du Tier 1 et s\'en inspire fortement. Les joueurs, immergés dans les conditions impitoyables et hostiles de l\'Afghanistan d\'aujourd\'hui, revêtiront la peau de ces combattants et utiliseront leurs compétences uniques dans la lutte contre un nouvel ennemi.\r\nL\'ennemi a changé. La guerre a évolué. Un nouveau genre de combattant est né. Il est le Tier 1.\r\n\r\n    La guerre aujourd\'hui : Les forces d\'élites spéciales sont embarquées dans une campagne dans laquelle elles vont, combinée avec les frappes destructrices des Rangers, pratiquer des opérations dévastatrices.\r\n    Authenticité sans précédent : Histoire intense qui se déroule sur le théâtre d\'opération afghan et vous apporte le meilleur de la simulation de tir avec cette franchise Medal of Honor.\r\n    Multijoueur en ligne repensé : Développé par DICE (créateurs de Battlefield Bad Company 2) ce titre combine action pure et tactique. ','MOH.jpg'),(63,'Sonic & All-Stars Racing Transformed Collection','2012-11-16','Sonic et les All-Stars retournent une fois de plus sur la grille de départ pour participer à la course ultime. Affrontez-vous sur terre, sur mer et dans les airs grâce aux incroyables véhicules transformables en voitures, bateaux ou avions en pleine course. Ce n\'est pas une simple course, c\'est une course transformée !\r\n\r\n    Plus de 20 personnages All-Stars légendaires possédant chacun leur propre véhicule transformable.\r\n    Faites la course sur 25 circuits et arènes.\r\n    Plus de 20 pistes débordantes d\'action qui vous défieront sur terre, ciel et mer.\r\n    Déployez un arsenal ingénieux ainsi que le coup spécial All-Star de votre personnage pour venir à bout de vos adversaires.\r\n    Faites la course en ligne à dix joueurs ou défiez vos amis en écran partagé à quatre joueurs.','sonic.jpg'),(64,'MotoGP21','2021-04-22','Prenez place sur la grille de départ et préparez-vous pour le jeu MotoGP le plus réaliste et immersif jamais réalisé.\r\nLE MEILLEUR DE MotoGP\r\nVivez l\'intégrale de la saison 2021 avec les catégories MotoGP, Moto2, Moto3\r\nVivez une expérience de course à deux-roues authentique et immersive avec plus de 120 pilotes officiels, plus de 20 circuits et de nouvelles fonctionnalités améliorées qui ajouteront un degré de réalisme encore jamais atteint. Découvrez aussi pour la première fois la pénalité de tour long.\r\nRevivez l\'histoire de MotoGP™ avec plus de 40 pilotes historiques et leurs motos légendaires.\r\nPLANIFIEZ VOTRE PARTIE\r\nPrenez le contrôle de votre carrière de manager en choisissant de rejoindre une écurie officielle ou d\'en créer une nouvelle. Sélectionnez ensuite votre personnel : cette équipe de professionnels vous assistera tout au long de la saison et de votre carrière et vous aidera à prendre des décision cruciales, comme le choix du meilleur contrat ou le développement de votre moto.\r\nQuand vous aurez atteint les meilleures catégories, constituez votre propre équipe junior pour en maîtriser tous les aspects.\r\nCONTROLEZ CHAQUE DÉTAIL\r\nQuand on doit gérer tous les aspects de la course, chaque décision compte. Surveillez votre niveau de carburant, la température des freins et l\'usure des pneus. Faites des choix cruciaux en fonction de votre style de conduite et des conditions de la course.\r\nPréparez-vous pour des courses palpitantes, mais ne perdez pas le contrôle de la situation : si vous chutez, vous devrez remonter sur votre moto aussi vite que possible ! Chaque seconde compte !\r\n\r\nGAGNEZ AVEC STYLE\r\nQu\'il s\'agisse de votre façon de conduire ou de l\'aspect de votre moto, le style est un aspect fondamental de MotoGP™21. Montrez ce que vous avez dans le ventre ! Personnalisez vos casques, combinaisons, autocollants, numéros de course et livrées grâce à 5 éditeurs graphiques exceptionnels !\r\nImpressionnez tout le monde avec votre style de conduite ! De plus, notre système d\'IA neuronale utilisant le Machine Learning fait son grand retour avec d\'incroyables améliorations : préparez-vous à faire de nouveau face à A.N.N.A. dans des courses toujours plus intenses !\r\n\r\nAmusez-vous comme jamais en défiant vos amis en ligne ou en créant vos propres événements avec le mode Directeur de course, et profitez d\'une expérience fluide et sans latence grâce à nos serveurs dédiés. ','MotoGP21.jpg'),(65,'Sid Meier’s Civilization VI','2016-10-21','Conçu à l\'origine par le développeur de légende Sid Meier, Civilization est un jeu de stratégie au tour par tour qui vous met au défi de bâtir un empire capable de résister au passage du temps. Guidez votre civilisation de l\'âge de la pierre jusqu\'à l\'âge de l\'information pour régner en maître sur la planète. Pour édifier la plus illustre de toutes les civilisations, vous partirez en guerre, conduirez des négociations et ferez progresser votre culture, tout en vous efforçant de tenir tête aux plus grands dirigeants de l\'histoire.\r\n\r\nCivilization VI renouvelle les codes de la licence: les villes s\'étendent désormais physiquement sur la carte ; la recherche active dans les domaines de la technologie et de la culture permet de débloquer de nouveaux potentiels ; et les dirigeants adverses s\'attacheront à respecter leurs caractéristiques historiques pour tenter d\'atteindre avant vous l\'une des cinq conditions de victoire.\r\n\r\n    DES EMPIRES PLUS GRANDS QUE JAMAIS\r\n    admirez les merveilles de votre empire se propager sur la carte ! Chaque ville recouvre plusieurs cases, à vous donc de modifier leur agencement pour exploiter au mieux le terrain.\r\n    RECHERCHE ACTIVE\r\n    débloquez des améliorations pour accélérer la marche de votre civilisation à travers l\'histoire. Pour progresser plus vite, assignez vos unités à une exploration active, aménagez votre environnement et découvrez de nouvelles cultures.\r\n    DIPLOMATIE DYNAMIQUE\r\n    les interactions avec les autres civilisations se modifient avec le temps. Au départ primitives et basées sur le conflit, elles traiteront d\'alliances et de négociations en fin de partie.\r\n\r\nFUSION D\'ARMÉES\r\nle concept d\'une unité par case se voit étayé par de nouveaux mécanismes. Les unités de soutien peuvent désormais être superposées à d\'autres, comme un canon antichar avec une unité d\'infanterie, ou un guerrier avec un colon. Par ailleurs, les unités identiques peuvent être fusionnées afin de créer de puissants corps d\'armée.\r\nMULTIJOUEUR AMÉLIORÉ\r\nen parallèle des modes multijoueur traditionnels, vous pourrez affronter vos amis ou jouer en coopération dans des situations variées, toutes conçues pour pouvoir être terminées en une seule session.\r\nUN CIV POUR TOUS\r\nCivilization VI propose aux joueurs expérimentés de nouvelles façons de construire et d\'orienter leur civilisation, pour leur permettre d\'optimiser leurs chances de réussite. Quant aux nouveaux utilisateurs, des initiations facilitent la découverte du jeu en présentant ses principaux concepts.','civilisation6.jpg'),(66,'PAYDAY 2','2013-08-13','PAYDAY 2 est un jeu de tir coopératif bourré d\'action qui permet jusqu\'à quatre joueurs d\'incarner une fois de plus les braqueurs originaux du célèbre gang PAYDAY, Dallas, Hoxton, Wolf et Chains, qui débarquent à Washington DC pour une série de crimes épiques.\r\n\r\nLe nouveau réseau CRIMENET offre une vaste gamme de contrats dynamiques : les joueurs sont libres de choisir la nature des contrats qui les intéressent, allant de forfaits relativement rapides à exécuter, tels que des vols de bijouteries ou des kidnappings, à des cybercrimes ou des braquages complexes nécessitant des plans bien échafaudés pour vider les coffres des plus grandes banques. Puisque vous êtes en ville, pourquoi ne pas en profiter pour soutenir votre candidat préféré en tant que bon citoyen ?\r\n\r\nJusqu\'à quatre amis peuvent coopérer sur les différents casses. À mesure que vous progressez, les contrats deviennent plus audacieux et risqués, mais surtout plus gratifiants. En plus de gagner de l\'argent et de devenir un criminel légendaire, vous pouvez aussi personnaliser les braqueurs à l\'aide d\'un système d\'artisanat qui vous permet de modifier les armes et l\'équipement du gang.\r\nFonctionnalités\r\n\r\n    Braquez des banques entre amis - Choisissez votre équipe avec précaution, coordonnez-vous pour sélectionner les compétences adéquates ou le contrat s\'annoncera très difficile !\r\n    CRIMENET - La base de données des contrats permet aux joueurs de choisir parmi les jobs disponibles en se mettant en relation avec des contacts locaux tels que Vlad l\'Ukrainien, \"L\'Éléphant\", un politicien véreux, ou encore Hector, un trafiquant de drogue colombien, tous ayant leur propre façon de faire et leur type de contrat préféré.\r\n    Des sensations inouïes - Avec le rendu visuel et sonore fantastique de PAYDAY, tirer avec une arme et attacher les mains d\'un civil n\'a jamais été aussi jouissif.\r\n    Scénarios dynamiques - Chaque scénario dispose d\'une géométrie aléatoire et d\'événements uniques. Un contrat peut être joué plusieurs fois, mais ne le sera jamais deux fois de la même façon.\r\n    Choisissez votre spécialité - En progressant, les joueurs peuvent se spécialiser dans l\'un des cinq types de braqueur : Cerveau, Exécuteur, Fantôme, Technicien ou Fugitif. Chacun possède son arbre de compétences qui offre des talents et des équipements uniques. Combinez les arbres pour créer le braqueur ultime.\r\n\r\nDes masques à foison - PAYDAY 2 possède un système de personnalisation inédit qui permet à ses joueurs de créer un masque sans pareil en y appliquant le motif et les couleurs de leur choix. Les possibilités sont presque infinies !\r\nArmes et modifications - Un tout nouvel arsenal pour les braqueurs exigeant, offrant un choix pléthorique de fusils de précisions, de fusils d\'assaut, de carabines et autres mitraillettes compactes. Après avoir jeté votre dévolu, il est possible de modifier votre arme : viseur, silencieux, poignée, réticule, canon, châssis, crosse et bien plus, ce qui aura une incidence sur les performances de l\'arme. Il existe également des améliorations purement esthétiques : pourquoi ne pas vous la jouer façon baron de la drogue en ajoutant une poignée en noyer poli à votre 9 mm ?\r\nÀ vous de jouer - Choisissez votre façon de procéder : lente et furtive ou rapide et bourrine ? Chaque approche vous offre une expérience différente.\r\nUne longue histoire - Depuis sa sortie, le jeu a bénéficié de plus de 70 mises à jour, incluant de nouveaux casses, personnages, armes et fonctionnalités telles que la conduite de voitures et de chariots élévateurs.','payday2.jpg'),(67,'Mount & Blade II: Bannerlord','2020-03-30','Le cor sonne, les corbeaux se rassemblent. Un empire est déchiré par la guerre civile. Par-delà ses frontières, de nouveaux royaumes s\'élèvent. Ceignez votre épée, revêtez votre armure, réunissez vos disciples et chevauchez vers la gloire sur les champs de bataille de Calradia. Imposez votre hégémonie et créez un nouveau monde sur les cendres de l\'ancien.\r\n\r\nMount & Blade II: Bannerlord est la suite très attendue de Mount & Blade: Warband, le jeu de rôle et de simulation de combat médiéval acclamé par le public. Se déroulant 200 ans avant les événements du premier jeu, ce nouvel opus développe aussi bien le système de combat que le monde de Calradia. Bombardez des places fortes montagneuses avec des engins de siège, établissez des empires criminels secrets dans les ruelles des grandes villes ou chargez au cœur de la mêlée lors de batailles chaotiques pour acquérir puissance et gloire.\r\n\r\n\r\n','mountBlade2.jpg'),(68,'Crusader Kings II','2012-02-14','Alors que l\'Europe sort péniblement de la période la plus sombre de son histoire, le vieux continent reste dans la tourmente. Les nobles conspirent contre des rois incapables d\'asseoir leur autorité sur leurs royaumes morcelés. Le pape appelle à la croisade en Terre Sainte tout en refusant de céder le contrôle de l\'investiture des évêques... et de leurs richesses. Il est temps d\'écrire l\'histoire. Étendez votre territoire et forgez le destin de votre dynastie. Remplissez vos coffres, nommez vos vassaux, déjouez les complots, rendez la justice tout en traitant avec des centaines de nobles aux multiples intentions.\nMême le plus puissant des seigneurs aura besoin d\'alliés. Prenez garde, car un vassal ivre de pouvoir pourrait bien se cacher dans vos rangs et il n\'hésitera pas une seconde à usurper votre place sur le trône... Soyez fort, soyez juste et bientôt le monde entier acclamera votre nom. Serez-vous à la hauteur pour devenir un véritable roi ?\nConçu par les maîtres des jeux de stratégie à grande échelle, Crusader Kings II explore l\'une des périodes clés de l\'histoire du monde. Dans un mélange détonnant de chevaliers, de complots et de trônes, ce jeu redonne vie à l\'Europe médiévale...\nCaractéristiques :\n\n    Démarrez entre 1066 et 1337 et jouez jusqu\'en 1453.\n    Choisissez un noble chrétien et assurez la survie de sa dynastie en jouant sa descendance au travers des âges\n    Gagnez du prestige grâce aux succès des descendants que vous incarnez et forgez la réputation de votre dynastie\n    Développez votre domaine féodal - et empêchez-le de se désagréger.\n    Déjouez les complots de vos courtisans dont les opinions et les intentions sont multiples.\n    Servez la Sainte Croix et combattez les maures, les païens et les hérétiques.\n    Repoussez les assauts des hordes mongoles.\n    Défiez le pape et prenez le contrôle des évêques.\n    Revivez le Moyen Âge en mode multijoueurs compétitif jusqu\'à 32 joueurs. ','CrusaderKingsII.jpg'),(69,'Rayman Legends','2013-08-29','Rayman, le héros du jeu de plates-formes le plus acclamé et récompensé en 2011, revient sur PC dans Rayman Legends.\r\n\r\nMichel Ancel, célèbre créateur de Rayman®, Beyond Good et Evil® et des Lapins Crétins™ apporte encore une fois toute sa créativité au service d’une nouvelle aventure haute en couleur pour son personnage de Rayman.\r\n\r\nRayman Legends révolutionne le genre du jeu de plates-formes avec son contenu gigantesque et ses modes inédits !\r\n\r\nRayman, Globox et les Ptizêtres se baladent dans la Croisée des Rêves et découvrent une tente ornée de peintures qui racontent l’histoire de 5 mondes légendaires. En inspectant l’une d’entre elles, ils se retrouvent aspirés et projetés dans un monde inconnu… L’aventure peut commencer ! Rayman et sa bande doivent alors se frayer un chemin dans chacun de ces mondes inspirés des contes et légendes célèbres pour sauver le leur.','raymanLegends.jpg');
/*!40000 ALTER TABLE `game` ENABLE KEYS */;
UNLOCK TABLES;

--
-- Table structure for table `game_genre`
--

DROP TABLE IF EXISTS `game_genre`;
/*!40101 SET @saved_cs_client     = @@character_set_client */;
/*!50503 SET character_set_client = utf8mb4 */;
CREATE TABLE `game_genre` (
  `game_id` int NOT NULL,
  `genre_id` int NOT NULL,
  KEY `fk_game_has_genre_genre1_idx` (`genre_id`),
  KEY `fk_game_has_genre_game1_idx` (`game_id`),
  CONSTRAINT `fk_game_has_genre_genre1` FOREIGN KEY (`genre_id`) REFERENCES `genre` (`id`)
) ENGINE=InnoDB DEFAULT CHARSET=armscii8;
/*!40101 SET character_set_client = @saved_cs_client */;

--
-- Dumping data for table `game_genre`
--

LOCK TABLES `game_genre` WRITE;
/*!40000 ALTER TABLE `game_genre` DISABLE KEYS */;
INSERT INTO `game_genre` VALUES (1,1),(1,2),(1,7),(1,8),(1,9),(1,10),(1,11),(2,1),(2,7),(2,8),(3,2),(3,18),(3,23),(3,2),(3,18),(3,23),(5,1),(5,2),(5,3),(5,5),(5,11),(5,12),(5,16),(6,1),(6,2),(6,5),(6,15),(6,16),(7,2),(7,11),(7,15),(7,16),(8,1),(8,2),(8,3),(8,4),(8,11),(8,12),(9,1),(9,2),(9,6),(9,11),(9,16),(9,19),(9,22),(10,1),(10,2),(10,5),(10,8),(10,14),(10,16),(11,1),(11,2),(11,7),(11,8),(11,9),(11,15),(12,1),(12,2),(12,11),(12,16),(12,22),(12,23),(13,1),(13,2),(13,3),(13,6),(13,9),(13,10),(13,11),(13,16),(13,18),(14,2),(14,3),(14,4),(14,9),(14,11),(14,15),(14,17),(14,24),(15,1),(15,2),(15,3),(15,11),(15,12),(15,23),(15,24),(16,1),(16,2),(16,3),(16,11),(16,12),(16,16),(16,22),(17,2),(17,5),(17,11),(17,13),(17,22),(18,2),(18,3),(18,5),(18,6),(18,9),(18,11),(19,2),(19,3),(19,4),(19,11),(19,24),(20,1),(20,2),(20,3),(20,4),(20,11),(20,12),(20,13),(21,2),(21,3),(21,4),(21,11),(21,12),(21,24),(22,1),(22,2),(22,4),(22,13),(22,15),(22,24),(23,1),(23,2),(23,3),(23,5),(23,9),(23,11),(23,12),(23,16),(23,21),(23,22),(24,2),(24,3),(24,4),(24,16),(24,19),(25,3),(25,4),(25,6),(25,9),(25,13),(25,22),(25,24),(26,1),(26,4),(26,9),(26,11),(26,17),(26,19),(27,3),(27,4),(27,5),(27,13),(27,24),(28,3),(28,4),(28,9),(28,17),(28,24),(29,4),(29,9),(29,10),(29,13),(29,19),(29,22),(30,3),(30,4),(30,6),(30,13),(30,24),(31,1),(31,2),(31,4),(31,7),(31,9),(31,15),(31,24),(32,4),(32,5),(32,11),(32,22),(33,1),(33,3),(33,4),(33,5),(33,7),(33,11),(33,12),(33,24),(34,1),(34,2),(34,5),(34,7),(34,9),(34,22),(35,2),(35,5),(35,11),(35,15),(35,19),(35,22),(35,23),(36,1),(36,2),(36,9),(36,11),(36,21),(37,3),(37,6),(37,9),(37,10),(37,11),(37,16),(37,24),(38,1),(38,3),(38,6),(38,9),(38,18),(39,1),(39,3),(39,6),(39,9),(39,10),(39,12),(39,18),(40,1),(40,3),(40,6),(40,9),(40,10),(40,11),(40,16),(40,18),(41,1),(41,7),(41,8),(41,9),(41,16),(42,1),(42,4),(42,7),(42,8),(42,9),(42,10),(42,11),(42,17),(42,24),(43,1),(43,3),(43,4),(43,7),(43,8),(43,9),(43,10),(43,11),(43,16),(43,17),(43,24),(44,1),(44,2),(44,7),(44,8),(44,9),(44,10),(44,11),(44,21),(45,1),(45,2),(45,3),(45,6),(45,7),(45,9),(45,11),(45,12),(45,16),(46,1),(46,2),(46,3),(46,4),(46,7),(46,9),(46,11),(46,12),(47,1),(47,2),(47,7),(47,9),(47,15),(47,24),(48,1),(48,7),(48,9),(48,11),(48,17),(49,1),(49,3),(49,4),(49,7),(49,8),(49,9),(49,10),(49,11),(49,17),(50,1),(50,2),(50,5),(50,9),(50,11),(50,12),(50,13),(51,1),(51,9),(51,13),(51,20),(52,2),(52,3),(52,4),(52,9),(52,11),(52,12),(52,13),(52,20),(53,2),(53,3),(53,4),(53,11),(53,12),(53,13),(54,1),(54,2),(54,9),(54,11),(54,12),(54,14),(54,20),(55,2),(55,4),(55,5),(55,9),(55,14),(55,20),(55,21),(56,1),(56,2),(56,4),(56,11),(56,12),(56,14),(56,15),(56,16),(56,24),(57,1),(57,2),(57,11),(57,14),(58,1),(58,2),(58,5),(58,9),(58,11),(58,14),(58,21),(58,22),(59,1),(59,9),(59,10),(59,13),(59,14),(60,1),(60,2),(60,9),(60,11),(60,12),(60,14),(60,16),(60,20),(61,1),(61,3),(61,4),(61,8),(61,9),(61,11),(61,12),(61,16),(61,17),(61,24),(62,1),(62,4),(62,7),(62,9),(62,11),(62,17),(62,24),(63,1),(63,6),(63,9),(63,14),(63,18),(63,20),(64,3),(64,6),(64,16),(64,18),(64,20),(65,3),(65,4),(65,9),(65,19),(65,24),(66,1),(66,3),(66,4),(66,7),(66,8),(66,9),(66,24),(67,1),(67,2),(67,5),(67,9),(67,11),(67,12),(67,16),(67,19),(68,3),(68,4),(68,5),(68,9),(68,12),(68,19),(68,20),(68,24),(69,1),(69,2),(69,13),(69,23);
/*!40000 ALTER TABLE `game_genre` ENABLE KEYS */;
UNLOCK TABLES;

--
-- Table structure for table `genre`
--

DROP TABLE IF EXISTS `genre`;
/*!40101 SET @saved_cs_client     = @@character_set_client */;
/*!50503 SET character_set_client = utf8mb4 */;
CREATE TABLE `genre` (
  `id` int NOT NULL AUTO_INCREMENT,
  `name` varchar(255) NOT NULL,
  `picture` varchar(255) NOT NULL,
  PRIMARY KEY (`id`),
  UNIQUE KEY `name_UNIQUE` (`name`)
) ENGINE=InnoDB AUTO_INCREMENT=25 DEFAULT CHARSET=utf8mb4 COLLATE=utf8mb4_general_ci;
/*!40101 SET character_set_client = @saved_cs_client */;

--
-- Dumping data for table `genre`
--

LOCK TABLES `genre` WRITE;
/*!40000 ALTER TABLE `genre` DISABLE KEYS */;
INSERT INTO `genre` VALUES (1,'action','https://s1.gaming-cdn.com/images/products/9459/271x377/counter-strike-global-offensive-pc-mac-jeu-steam-cover.jpg'),(2,'aventure','https://www.actugaming.net/wp-content/uploads/2020/01/the-witcher-3-889x500.jpg'),(3,'simulation','https://www.actugaming.net/wp-content/uploads/2016/09/Sid-Meier%E2%80%99s-Civilization-VI-1-889x500.jpg'),(4,'strategie','https://h3v2h5f6.rocketcdn.me/wp-content/uploads/2021/11/age-of-empires-iv.jpg'),(5,'RPG','https://cdn.cloudflare.steamstatic.com/steamcommunity/public/images/clans/26064318/1796767b1dc2dbac4ad22851dd38391ef5c30d6a.jpg'),(6,'sport_course','https://staticg.sportskeeda.com/editor/2021/09/f76c2-16327488598899-800.jpg'),(7,'FPS','https://media.contentapi.ea.com/content/dam/apex-legends/common/articles/apex-mobile-regional-beta/apex-mobile-art-featured-image.jpg.adapt.1456w.jpg'),(8,'shooter','https://image.jeuxvideo.com/medias-sm/163129/1631287693-8700-jaquette-avant.jpg'),(9,'multiplayer','https://www.pedagojeux.fr/wp-content/uploads/2019/11/1280x720_LoL.jpg'),(10,'competitive','https://xboxplay.games/imagenes/redimensionar2.php?imagen=https://xboxplay.games/uploadStream/835.jpg&an=722&al=400'),(11,'open world','https://cdn03.nintendo-europe.com/media/images/10_share_images/games_15/nintendo_switch_4/H2x1_NSwitch_TheElderScrollsVSkyrim_image1600w.jpg'),(12,'sandbox','https://cdn03.nintendo-europe.com/media/images/10_share_images/games_15/nintendo_switch_4/H2x1_NSwitch_Minecraft_image1600w.jpg'),(13,'2D','https://upload.wikimedia.org/wikipedia/fr/3/3d/Street_Fighter_II_The_World_Warrior_Logo.png'),(14,'superhero','https://i0.wp.com/www.2pjeuxvideo.com/wp-content/uploads/2020/11/Critique-Spiderman-Miles-Morales.jpg?resize=1536%2C864&ssl=1'),(15,'dark','https://s2.gaming-cdn.com/images/products/8686/271x377/resident-evil-village-xbox-one-xbox-series-xs-cover.jpg'),(16,'third person','https://psverso.com.br/wp-content/uploads/2021/06/god-of-war-ragnarok-state-of-play-em-breve-768x433.jpg'),(17,'military','https://cdn.cloudflare.steamstatic.com/steam/apps/107410/header.jpg?t=1635346728'),(18,'racing','https://www.lesuricate.org/wp-content/uploads/2018/02/mario-kart-8-deluxe-678x381.jpg'),(19,'medieval','https://gepig.com/game_cover_460w/6325.jpg'),(20,'classic','https://m.media-amazon.com/images/I/71OWWCZNouL._AC_SL1000_.jpg'),(21,'MMORPG','https://www.dlcompare.fr/upload/gameimage/file/a4ca-world_of_warcraft:_shadowlands.jpeg'),(22,'fantasy','https://fr.shopping.rakuten.com/photo/876801161.jpg'),(23,'plateformer puzzle','https://cdn03.nintendo-europe.com/media/images/10_share_images/games_15/nintendo_switch_download_software_1/H2x1_NSwitchDS_CastlevaniaAdvanceCollection_image1600w.jpg'),(24,'tactical','https://cdn.cloudflare.steamstatic.com/steam/apps/1407200/header.jpg?t=1635837965');
/*!40000 ALTER TABLE `genre` ENABLE KEYS */;
UNLOCK TABLES;

--
-- Table structure for table `like`
--

DROP TABLE IF EXISTS `like`;
/*!40101 SET @saved_cs_client     = @@character_set_client */;
/*!50503 SET character_set_client = utf8mb4 */;
CREATE TABLE `like` (
  `user_id` int NOT NULL,
  `game_id` int NOT NULL,
  `like` enum('like','dislike','unset') NOT NULL DEFAULT 'unset',
  PRIMARY KEY (`user_id`,`game_id`),
  KEY `fk_user_has_game_game1_idx` (`game_id`),
  KEY `fk_user_has_game_user1_idx` (`user_id`),
  CONSTRAINT `fk_user_has_game_game1` FOREIGN KEY (`game_id`) REFERENCES `game` (`id`),
  CONSTRAINT `fk_user_has_game_user1` FOREIGN KEY (`user_id`) REFERENCES `user` (`id`)
) ENGINE=InnoDB DEFAULT CHARSET=utf8mb4 COLLATE=utf8mb4_general_ci;
/*!40101 SET character_set_client = @saved_cs_client */;

--
-- Dumping data for table `like`
--

LOCK TABLES `like` WRITE;
/*!40000 ALTER TABLE `like` DISABLE KEYS */;
INSERT INTO `like` VALUES (11,3,'like'),(11,5,'like'),(11,6,'like'),(11,8,'like'),(11,13,'like'),(11,14,'like'),(11,16,'like'),(11,20,'like'),(11,40,'like'),(12,1,'like'),(20,8,'like'),(35,6,'like'),(35,8,'dislike'),(35,9,'dislike'),(35,11,'dislike'),(35,13,'like'),(35,16,'like'),(35,20,'like'),(36,6,'like'),(36,8,'like'),(36,9,'like'),(36,42,'like'),(37,6,'like'),(38,11,'like'),(38,13,'like'),(38,41,'like'),(38,42,'like'),(38,48,'like'),(38,50,'like'),(39,2,'like'),(40,13,'like'),(41,6,'like'),(43,13,'like');
/*!40000 ALTER TABLE `like` ENABLE KEYS */;
UNLOCK TABLES;

--
-- Table structure for table `list_user`
--

DROP TABLE IF EXISTS `list_user`;
/*!40101 SET @saved_cs_client     = @@character_set_client */;
/*!50503 SET character_set_client = utf8mb4 */;
CREATE TABLE `list_user` (
  `game_id` int NOT NULL,
  `user_id` int NOT NULL,
  `favoris` tinyint NOT NULL DEFAULT '0',
  `status` enum('wished','in progress','finished') NOT NULL DEFAULT 'wished',
  PRIMARY KEY (`game_id`,`user_id`),
  KEY `fk_game_has_user_user1_idx` (`user_id`),
  KEY `fk_game_has_user_game_idx` (`game_id`),
  CONSTRAINT `fk_game_has_user_game` FOREIGN KEY (`game_id`) REFERENCES `game` (`id`),
  CONSTRAINT `fk_game_has_user_user1` FOREIGN KEY (`user_id`) REFERENCES `user` (`id`)
) ENGINE=InnoDB DEFAULT CHARSET=armscii8;
/*!40101 SET character_set_client = @saved_cs_client */;

--
-- Dumping data for table `list_user`
--

LOCK TABLES `list_user` WRITE;
/*!40000 ALTER TABLE `list_user` DISABLE KEYS */;
INSERT INTO `list_user` VALUES (1,11,0,'wished'),(1,12,0,'wished'),(1,35,0,'in progress'),(1,36,0,'wished'),(1,43,0,'wished'),(2,11,0,'in progress'),(2,35,0,'in progress'),(2,36,0,'in progress'),(2,37,0,'wished'),(2,39,0,'in progress'),(2,43,0,'wished'),(3,11,0,'wished'),(5,11,0,'wished'),(5,36,0,'wished'),(6,11,0,'in progress'),(6,35,0,'in progress'),(6,36,0,'in progress'),(6,37,0,'in progress'),(6,41,0,'wished'),(7,11,0,'wished'),(7,36,0,'wished'),(8,11,0,'in progress'),(8,20,0,'in progress'),(8,35,0,'in progress'),(8,36,0,'in progress'),(8,38,0,'wished'),(9,35,0,'in progress'),(9,36,0,'in progress'),(9,37,0,'wished'),(10,43,0,'wished'),(11,35,0,'in progress'),(11,38,0,'finished'),(12,11,0,'wished'),(13,11,0,'in progress'),(13,35,0,'in progress'),(13,36,0,'in progress'),(13,38,0,'in progress'),(13,40,0,'in progress'),(13,43,0,'finished'),(13,44,0,'wished'),(14,11,0,'wished'),(14,43,0,'wished'),(15,36,0,'in progress'),(16,11,0,'wished'),(16,35,0,'in progress'),(16,38,0,'wished'),(17,11,0,'finished'),(18,11,0,'wished'),(19,11,0,'wished'),(19,43,0,'wished'),(20,11,0,'in progress'),(20,35,0,'in progress'),(21,11,0,'wished'),(22,35,0,'in progress'),(22,37,0,'finished'),(23,35,0,'wished'),(26,35,0,'wished'),(29,37,0,'wished'),(35,36,0,'wished'),(37,11,0,'wished'),(37,37,0,'wished'),(39,38,0,'wished'),(40,11,0,'wished'),(40,35,0,'wished'),(40,37,0,'finished'),(41,38,0,'finished'),(42,36,0,'in progress'),(42,38,0,'in progress'),(43,38,0,'wished'),(44,36,0,'wished'),(44,38,0,'in progress'),(47,38,0,'finished'),(48,38,0,'in progress'),(50,38,0,'finished'),(52,11,0,'wished'),(64,36,0,'finished');
/*!40000 ALTER TABLE `list_user` ENABLE KEYS */;
UNLOCK TABLES;

--
-- Table structure for table `user`
--

DROP TABLE IF EXISTS `user`;
/*!40101 SET @saved_cs_client     = @@character_set_client */;
/*!50503 SET character_set_client = utf8mb4 */;
CREATE TABLE `user` (
  `id` int NOT NULL AUTO_INCREMENT,
  `nickname` varchar(255) NOT NULL,
  `password` varchar(255) NOT NULL,
  `avatar` varchar(255) DEFAULT '/assets/images/pictures_game/avatar/uploads/defaultAvatar.jpg',
  `mail` varchar(255) DEFAULT NULL,
  PRIMARY KEY (`id`),
  UNIQUE KEY `pseudo_UNIQUE` (`nickname`),
  UNIQUE KEY `mail_UNIQUE` (`mail`)
) ENGINE=InnoDB AUTO_INCREMENT=45 DEFAULT CHARSET=utf8mb4 COLLATE=utf8mb4_general_ci;
/*!40101 SET character_set_client = @saved_cs_client */;

--
-- Dumping data for table `user`
--

LOCK TABLES `user` WRITE;
/*!40000 ALTER TABLE `user` DISABLE KEYS */;
INSERT INTO `user` VALUES (11,'john','$2y$10$8PymaWRBlXoWIdmIrPlffefnR4nt2tpjrBarGOVrm1JeaBRC/eSD.','/assets/images/pictures_game/avatar/uploads/ageOfEmpire4.jpg','monmail@ceciestuntest2.fr'),(12,'admin','$2y$10$I3XZ7FOln/u5volROHPnOexbywaeA9pDO5/sB982Eo6bNrzUxvzEu','/assets/images/pictures_game/avatar/defaultAvatar.jpg','mail@admin.fr'),(13,'php4ever','$2y$10$QZgmF9C/uhSzaicjqmrBcOepTGjgbeA9WAq.TxqoLIl0xZg9MdDbq','/assets/images/pictures_game/avatar/defaultAvatar.jpg','php@isBest.fr'),(16,'rbgaming','$2y$10$C.7J8GGhHnZikLMQw1sHguol77ksrDL2TJcEfFqN5KAp6GOmVQyC.','/assets/images/pictures_game/avatar/defaultAvatar.jpg','vduzjvb@vizog.fr'),(19,'Teegan Harper','$2y$10$euNseQRXbvzUHMEcAa120.C6vL5aTL8jddOwYNPY2F2FHwlAscToa','/assets/images/pictures_game/avatar/uploads/battlefield5.jpg','pefiqomi@mailinator.com'),(20,'Tatyana Berg','$2y$10$41FQ1Gx8xWbBxO13VvlZLu0J9frXaGCAcItRav4PyakPuJ88BycSe','/assets/images/pictures_game/avatar/defaultAvatar.jpg','besikuxij@mailinator.com'),(21,'Dacey Lindsay','$2y$10$tIxuCgO/x8gYiFSL/4iVe.Fjnm7.uKT5Xh1mkvxaBUNkdc4abFo26','/assets/images/pictures_game/avatar/defaultAvatar.jpg','loqodone@mailinator.com'),(22,'Summer Bean','$2y$10$xe.eM6NACJlsa5rWYYBGEeWgr4wWzLCMs4dggWMo2SctcMjYYnrty','/assets/images/pictures_game/avatar/defaultAvatar.jpg','mibuzyku@mailinator.com'),(23,'Thor Dillard','$2y$10$0ok/veYmHiwboV8EsKWbAeNl/mb.ScFeks.MD0/PaLQ.nr973HRzK','/assets/images/pictures_game/avatar/defaultAvatar.jpg','saquj@mailinator.com'),(24,'Remedios Petersen','$2y$10$f6mygV8YiV99FSJR6jo6o.dJwQvJOMN80W3KA3OGg8j4FypenVKGm','/assets/images/pictures_game/avatar/defaultAvatar.jpg','sotojos@mailinator.com'),(25,'Kerry Rodriguez','$2y$10$apTfiw7HV.tbOp.pWsH3luYOt64JCaHMi/xswteTUXcV5ZplqAS/e','/assets/images/pictures_game/avatar/defaultAvatar.jpg','pite@mailinator.com'),(26,'Aristotle Gilliam','$2y$10$khQOzK5BR/qKsZinaCjTT.l6f8wTUdKHCMeyTu6iT8YKMhVvTGgay','/assets/images/pictures_game/avatar/defaultAvatar.jpg','kuzuhi@mailinator.com'),(27,'Odessa Romero','$2y$10$QZjJozhXU2KYD8uL5RVcNOqu845/wWtQSsbaymcmvedD0ZeUjjL9e','/assets/images/pictures_game/avatar/defaultAvatar.jpg','tobe@mailinator.com'),(28,'Driscoll Horn','$2y$10$mSAsym3c1dzf5SOLq8aXEuobuZSPKIahf0i5hIQOVPvghUbCyGC3C','/assets/images/pictures_game/avatar/defaultAvatar.jpg','lacoxodes@mailinator.com'),(29,'Quin Pierce','$2y$10$oS6la0nO8YRFcPuHnvJ6t.RgdN.QxojsJ5aPWjZT3dGCIhgLaxiZK','/assets/images/pictures_game/avatar/defaultAvatar.jpg','nogali@mailinator.com'),(30,'Jael Chang','$2y$10$ZXwfILpQRWqqHCkBFnOEtu0DM505vdWFcfPqJNBWEwoTAJGc0yilC','/assets/images/pictures_game/avatar/defaultAvatar.jpg','nukodawy@mailinator.com'),(31,'Colorado Hendricks','$2y$10$6pvm9gsHoZBvgn7hdzsn2Oyd4.AYx8BNTxCRHPAe4NyH/GvFQWiCS','/assets/images/pictures_game/avatar/defaultAvatar.jpg','sesufe@mailinator.com'),(32,'Nathanial_Conn55','$2y$10$mi9qnW/XD3VqUNKWXhFRZOaxaA9Mp3DklxMc0icPm2Z9COXKk/YI6','/assets/images/pictures_game/avatar/defaultAvatar.jpg','your.email+fakedata91538@gmail.com'),(33,'Lester Wallace','$2y$10$TK8n81m29.e0oeHSTRXaj..MrZSQhx9unkLzWXD.ylEKl0w5pMQq.','/assets/images/pictures_game/avatar/defaultAvatar.jpg','fijy@mailinator.com'),(34,'testavatar','$2y$10$19usP0wxCCbVludgtGnt8.2uw1cll.UGh0dE.lini1ZLB9iEyrzJm','/assets/images/pictures_game/avatar/defaultAvatar.jpg','fapa@mailinator.com'),(35,'Emile.Schultz','$2y$10$79Aq1xhr/JjRu9TPbTDOSembY/UeB7lWzThTWrHxxQh6Ww73rN1d6','/assets/images/pictures_game/avatar/uploads/bioshock.jpg','bertrand53@gmail.com'),(36,'Aiyana.Bradtke55','$2y$10$h0cFnUvknaoPz4kY96KuM.4oiRWuyMdNzQB7HwdT7OMHM6.eM9jeq','/assets/images/pictures_game/avatar/defaultAvatar.jpg','delpha_wyman@gmail.com'),(37,'Lorena0','$2y$10$gvAqPiGVDvMbBqnaEacVI.0BnIro.k6oQRnbU/0hZGTAMlp.imaRO','/assets/images/pictures_game/avatar/uploads/batman_harkam_knight.jpg','nat.baumbach@yahoo.com'),(38,'Chesley87','$2y$10$D2iwU3Wf4zhQwKGvUjK.leBVN6F7urVP5QxiuVmmhjdhEnbtqvdeG','/assets/images/pictures_game/avatar/uploads/counter_strike.jpg','harmon15@yahoo.com'),(39,'Malinda50','$2y$10$GoJNcDz7zCbI0HjqYeRxG.wmg8Njgvj0QYUvDjfHaYIRA6OEwO6sW','/assets/images/pictures_game/avatar/defaultAvatar.jpg','maude_bernier46@hotmail.com'),(40,'Bastien','$2y$10$5wKGs3hP.Gc2sFKLfXHXXOZSD6t8DLb14HJ3hrK00Du7HQHe7Xkpu','/assets/images/pictures_game/avatar/uploads/outrun_tactics.jpg','bastien@tacos.fr'),(41,'marco','$2y$10$aR2jrnp8NyBRMAs27th77e758u9NBYw9nA/0gfLcH1uFoSnsvTHG.','/assets/images/pictures_game/avatar/uploads/altf4.jpg','marc.delon@hotmail.fr'),(42,'julie','$2y$10$ZrqsAZYfq9OLXJR51tmEjuHX4vkYHmUTbM9fy4Xb15xG8y7Wq/kgG','/assets/images/pictures_game/avatar/defaultAvatar.jpg','julie.maria@hotmail.fr'),(43,'TheBastien','$2y$10$6E560tTkPgMeAkn1/rFBpOboYb9DKpQgpd.CYazHGMxRgSDDQI7KO','/assets/images/pictures_game/avatar/uploads/AmongUs.jpg','phpis.Best@gmail.com'),(44,'monica','$2y$10$9G5Rr07S4ww6bz5j7k62gu3DyGXMNBwAaASPl01KnZBUHug3WWpF2','/assets/images/pictures_game/avatar/uploads/defaultAvatar.jpg','monica.bird@gmail.com');
/*!40000 ALTER TABLE `user` ENABLE KEYS */;
UNLOCK TABLES;
/*!40103 SET TIME_ZONE=@OLD_TIME_ZONE */;

/*!40101 SET SQL_MODE=@OLD_SQL_MODE */;
/*!40014 SET FOREIGN_KEY_CHECKS=@OLD_FOREIGN_KEY_CHECKS */;
/*!40014 SET UNIQUE_CHECKS=@OLD_UNIQUE_CHECKS */;
/*!40101 SET CHARACTER_SET_CLIENT=@OLD_CHARACTER_SET_CLIENT */;
/*!40101 SET CHARACTER_SET_RESULTS=@OLD_CHARACTER_SET_RESULTS */;
/*!40101 SET COLLATION_CONNECTION=@OLD_COLLATION_CONNECTION */;
/*!40111 SET SQL_NOTES=@OLD_SQL_NOTES */;

-- Dump completed on 2021-11-19 15:44:29
